ISO-10303-21;
HEADER;
/* Generated by software containing ST-Developer
 * from STEP Tools, Inc. (www.steptools.com) 
 */

FILE_DESCRIPTION(
/* description */ (''),
/* implementation_level */ '2;1');

FILE_NAME(
/* name */ 'SaludWatch.step',
/* time_stamp */ '2026-10-04T16:14:16-05:00',
/* author */ (''),
/* organization */ (''),
/* preprocessor_version */ 'ST-DEVELOPER v20.2',
/* originating_system */ 'Autodesk Translation Framework v15.15.0.0',
/* authorisation */ '');

FILE_SCHEMA (('AUTOMOTIVE_DESIGN { 1 0 10303 214 3 1 1 }'));
ENDSEC;

DATA;
#10=MECHANICAL_DESIGN_GEOMETRIC_PRESENTATION_REPRESENTATION('',(#2313,#2314,
#2315,#2316,#2317,#2318,#2319,#2320,#2321,#2322,#2323,#2324,#2325,#2326),
#3941);
#11=ITEM_DEFINED_TRANSFORMATION($,$,#2495,#2644);
#12=ITEM_DEFINED_TRANSFORMATION($,$,#2581,#2645);
#13=ITEM_DEFINED_TRANSFORMATION($,$,#2623,#2646);
#14=(
REPRESENTATION_RELATIONSHIP($,$,#3958,#3957)
REPRESENTATION_RELATIONSHIP_WITH_TRANSFORMATION(#11)
SHAPE_REPRESENTATION_RELATIONSHIP()
);
#15=(
REPRESENTATION_RELATIONSHIP($,$,#3959,#3957)
REPRESENTATION_RELATIONSHIP_WITH_TRANSFORMATION(#12)
SHAPE_REPRESENTATION_RELATIONSHIP()
);
#16=(
REPRESENTATION_RELATIONSHIP($,$,#3960,#3957)
REPRESENTATION_RELATIONSHIP_WITH_TRANSFORMATION(#13)
SHAPE_REPRESENTATION_RELATIONSHIP()
);
#17=CONTEXT_DEPENDENT_SHAPE_REPRESENTATION(#14,#3954);
#18=CONTEXT_DEPENDENT_SHAPE_REPRESENTATION(#15,#3955);
#19=CONTEXT_DEPENDENT_SHAPE_REPRESENTATION(#16,#3956);
#20=NEXT_ASSEMBLY_USAGE_OCCURRENCE('Base:1','Base:1','Base:1',#3962,#3963,
'Base:1');
#21=NEXT_ASSEMBLY_USAGE_OCCURRENCE('Lid:1','Lid:1','Lid:1',#3962,#3964,
'Lid:1');
#22=NEXT_ASSEMBLY_USAGE_OCCURRENCE('Shelf:1','Shelf:1','Shelf:1',#3962,
#3965,'Shelf:1');
#23=SHAPE_REPRESENTATION_RELATIONSHIP('SRR','None',#3958,#26);
#24=SHAPE_REPRESENTATION_RELATIONSHIP('SRR','None',#3959,#27);
#25=SHAPE_REPRESENTATION_RELATIONSHIP('SRR','None',#3960,#28);
#26=ADVANCED_BREP_SHAPE_REPRESENTATION('',(#29,#30,#31,#32),#3938);
#27=ADVANCED_BREP_SHAPE_REPRESENTATION('',(#33),#3939);
#28=ADVANCED_BREP_SHAPE_REPRESENTATION('',(#34,#35),#3940);
#29=MANIFOLD_SOLID_BREP('Body2',#2453);
#30=MANIFOLD_SOLID_BREP('Body3',#2454);
#31=MANIFOLD_SOLID_BREP('Body4',#2455);
#32=MANIFOLD_SOLID_BREP('Body5',#2456);
#33=MANIFOLD_SOLID_BREP('Body1',#2457);
#34=MANIFOLD_SOLID_BREP('Body1',#2458);
#35=MANIFOLD_SOLID_BREP('Body2',#2459);
#36=FACE_BOUND('',#321,.T.);
#37=FACE_BOUND('',#323,.T.);
#38=FACE_BOUND('',#346,.T.);
#39=FACE_BOUND('',#348,.T.);
#40=FACE_BOUND('',#354,.T.);
#41=FACE_BOUND('',#362,.T.);
#42=FACE_BOUND('',#364,.T.);
#43=FACE_BOUND('',#371,.T.);
#44=FACE_BOUND('',#373,.T.);
#45=FACE_BOUND('',#375,.T.);
#46=FACE_BOUND('',#376,.T.);
#47=FACE_BOUND('',#379,.T.);
#48=FACE_BOUND('',#381,.T.);
#49=FACE_BOUND('',#383,.T.);
#50=FACE_BOUND('',#386,.T.);
#51=FACE_BOUND('',#389,.T.);
#52=FACE_BOUND('',#396,.T.);
#53=FACE_BOUND('',#399,.T.);
#54=FACE_BOUND('',#404,.T.);
#55=FACE_BOUND('',#407,.T.);
#56=FACE_BOUND('',#429,.T.);
#57=FACE_BOUND('',#430,.T.);
#58=FACE_BOUND('',#431,.T.);
#59=FACE_BOUND('',#432,.T.);
#60=FACE_BOUND('',#433,.T.);
#61=FACE_BOUND('',#434,.T.);
#62=FACE_BOUND('',#444,.T.);
#63=FACE_BOUND('',#446,.T.);
#64=FACE_BOUND('',#452,.T.);
#65=FACE_BOUND('',#453,.T.);
#66=FACE_BOUND('',#454,.T.);
#67=FACE_BOUND('',#455,.T.);
#68=FACE_BOUND('',#456,.T.);
#69=FACE_BOUND('',#457,.T.);
#70=FACE_BOUND('',#458,.T.);
#71=FACE_BOUND('',#468,.T.);
#72=FACE_BOUND('',#470,.T.);
#73=FACE_BOUND('',#480,.T.);
#74=FACE_BOUND('',#482,.T.);
#75=PLANE('',#2499);
#76=PLANE('',#2500);
#77=PLANE('',#2501);
#78=PLANE('',#2502);
#79=PLANE('',#2503);
#80=PLANE('',#2504);
#81=PLANE('',#2505);
#82=PLANE('',#2506);
#83=PLANE('',#2507);
#84=PLANE('',#2508);
#85=PLANE('',#2509);
#86=PLANE('',#2510);
#87=PLANE('',#2511);
#88=PLANE('',#2517);
#89=PLANE('',#2518);
#90=PLANE('',#2519);
#91=PLANE('',#2520);
#92=PLANE('',#2521);
#93=PLANE('',#2522);
#94=PLANE('',#2523);
#95=PLANE('',#2524);
#96=PLANE('',#2525);
#97=PLANE('',#2526);
#98=PLANE('',#2527);
#99=PLANE('',#2528);
#100=PLANE('',#2529);
#101=PLANE('',#2530);
#102=PLANE('',#2531);
#103=PLANE('',#2532);
#104=PLANE('',#2533);
#105=PLANE('',#2534);
#106=PLANE('',#2535);
#107=PLANE('',#2536);
#108=PLANE('',#2537);
#109=PLANE('',#2538);
#110=PLANE('',#2539);
#111=PLANE('',#2540);
#112=PLANE('',#2541);
#113=PLANE('',#2542);
#114=PLANE('',#2543);
#115=PLANE('',#2544);
#116=PLANE('',#2545);
#117=PLANE('',#2546);
#118=PLANE('',#2547);
#119=PLANE('',#2548);
#120=PLANE('',#2549);
#121=PLANE('',#2550);
#122=PLANE('',#2551);
#123=PLANE('',#2552);
#124=PLANE('',#2553);
#125=PLANE('',#2557);
#126=PLANE('',#2558);
#127=PLANE('',#2559);
#128=PLANE('',#2560);
#129=PLANE('',#2561);
#130=PLANE('',#2562);
#131=PLANE('',#2566);
#132=PLANE('',#2567);
#133=PLANE('',#2568);
#134=PLANE('',#2569);
#135=PLANE('',#2570);
#136=PLANE('',#2571);
#137=PLANE('',#2575);
#138=PLANE('',#2576);
#139=PLANE('',#2577);
#140=PLANE('',#2578);
#141=PLANE('',#2579);
#142=PLANE('',#2580);
#143=PLANE('',#2582);
#144=PLANE('',#2583);
#145=PLANE('',#2584);
#146=PLANE('',#2585);
#147=PLANE('',#2592);
#148=PLANE('',#2593);
#149=PLANE('',#2594);
#150=PLANE('',#2595);
#151=PLANE('',#2602);
#152=PLANE('',#2603);
#153=PLANE('',#2604);
#154=PLANE('',#2605);
#155=PLANE('',#2606);
#156=PLANE('',#2607);
#157=PLANE('',#2608);
#158=PLANE('',#2609);
#159=PLANE('',#2610);
#160=PLANE('',#2611);
#161=PLANE('',#2612);
#162=PLANE('',#2613);
#163=PLANE('',#2614);
#164=PLANE('',#2615);
#165=PLANE('',#2616);
#166=PLANE('',#2617);
#167=PLANE('',#2618);
#168=PLANE('',#2619);
#169=PLANE('',#2620);
#170=PLANE('',#2621);
#171=PLANE('',#2622);
#172=PLANE('',#2624);
#173=PLANE('',#2625);
#174=PLANE('',#2626);
#175=PLANE('',#2627);
#176=PLANE('',#2628);
#177=PLANE('',#2629);
#178=PLANE('',#2630);
#179=PLANE('',#2631);
#180=PLANE('',#2632);
#181=PLANE('',#2633);
#182=PLANE('',#2634);
#183=PLANE('',#2635);
#184=PLANE('',#2636);
#185=PLANE('',#2637);
#186=PLANE('',#2638);
#187=PLANE('',#2639);
#188=PLANE('',#2640);
#189=PLANE('',#2641);
#190=PLANE('',#2642);
#191=PLANE('',#2643);
#192=FACE_OUTER_BOUND('',#318,.T.);
#193=FACE_OUTER_BOUND('',#319,.T.);
#194=FACE_OUTER_BOUND('',#320,.T.);
#195=FACE_OUTER_BOUND('',#322,.T.);
#196=FACE_OUTER_BOUND('',#324,.T.);
#197=FACE_OUTER_BOUND('',#325,.T.);
#198=FACE_OUTER_BOUND('',#326,.T.);
#199=FACE_OUTER_BOUND('',#327,.T.);
#200=FACE_OUTER_BOUND('',#328,.T.);
#201=FACE_OUTER_BOUND('',#329,.T.);
#202=FACE_OUTER_BOUND('',#330,.T.);
#203=FACE_OUTER_BOUND('',#331,.T.);
#204=FACE_OUTER_BOUND('',#332,.T.);
#205=FACE_OUTER_BOUND('',#333,.T.);
#206=FACE_OUTER_BOUND('',#334,.T.);
#207=FACE_OUTER_BOUND('',#335,.T.);
#208=FACE_OUTER_BOUND('',#336,.T.);
#209=FACE_OUTER_BOUND('',#337,.T.);
#210=FACE_OUTER_BOUND('',#338,.T.);
#211=FACE_OUTER_BOUND('',#339,.T.);
#212=FACE_OUTER_BOUND('',#340,.T.);
#213=FACE_OUTER_BOUND('',#341,.T.);
#214=FACE_OUTER_BOUND('',#342,.T.);
#215=FACE_OUTER_BOUND('',#343,.T.);
#216=FACE_OUTER_BOUND('',#344,.T.);
#217=FACE_OUTER_BOUND('',#345,.T.);
#218=FACE_OUTER_BOUND('',#347,.T.);
#219=FACE_OUTER_BOUND('',#349,.T.);
#220=FACE_OUTER_BOUND('',#350,.T.);
#221=FACE_OUTER_BOUND('',#351,.T.);
#222=FACE_OUTER_BOUND('',#352,.T.);
#223=FACE_OUTER_BOUND('',#353,.T.);
#224=FACE_OUTER_BOUND('',#355,.T.);
#225=FACE_OUTER_BOUND('',#356,.T.);
#226=FACE_OUTER_BOUND('',#357,.T.);
#227=FACE_OUTER_BOUND('',#358,.T.);
#228=FACE_OUTER_BOUND('',#359,.T.);
#229=FACE_OUTER_BOUND('',#360,.T.);
#230=FACE_OUTER_BOUND('',#361,.T.);
#231=FACE_OUTER_BOUND('',#363,.T.);
#232=FACE_OUTER_BOUND('',#365,.T.);
#233=FACE_OUTER_BOUND('',#366,.T.);
#234=FACE_OUTER_BOUND('',#367,.T.);
#235=FACE_OUTER_BOUND('',#368,.T.);
#236=FACE_OUTER_BOUND('',#369,.T.);
#237=FACE_OUTER_BOUND('',#370,.T.);
#238=FACE_OUTER_BOUND('',#372,.T.);
#239=FACE_OUTER_BOUND('',#374,.T.);
#240=FACE_OUTER_BOUND('',#377,.T.);
#241=FACE_OUTER_BOUND('',#378,.T.);
#242=FACE_OUTER_BOUND('',#380,.T.);
#243=FACE_OUTER_BOUND('',#382,.T.);
#244=FACE_OUTER_BOUND('',#384,.T.);
#245=FACE_OUTER_BOUND('',#385,.T.);
#246=FACE_OUTER_BOUND('',#387,.T.);
#247=FACE_OUTER_BOUND('',#388,.T.);
#248=FACE_OUTER_BOUND('',#390,.T.);
#249=FACE_OUTER_BOUND('',#391,.T.);
#250=FACE_OUTER_BOUND('',#392,.T.);
#251=FACE_OUTER_BOUND('',#393,.T.);
#252=FACE_OUTER_BOUND('',#394,.T.);
#253=FACE_OUTER_BOUND('',#395,.T.);
#254=FACE_OUTER_BOUND('',#397,.T.);
#255=FACE_OUTER_BOUND('',#398,.T.);
#256=FACE_OUTER_BOUND('',#400,.T.);
#257=FACE_OUTER_BOUND('',#401,.T.);
#258=FACE_OUTER_BOUND('',#402,.T.);
#259=FACE_OUTER_BOUND('',#403,.T.);
#260=FACE_OUTER_BOUND('',#405,.T.);
#261=FACE_OUTER_BOUND('',#406,.T.);
#262=FACE_OUTER_BOUND('',#408,.T.);
#263=FACE_OUTER_BOUND('',#409,.T.);
#264=FACE_OUTER_BOUND('',#410,.T.);
#265=FACE_OUTER_BOUND('',#411,.T.);
#266=FACE_OUTER_BOUND('',#412,.T.);
#267=FACE_OUTER_BOUND('',#413,.T.);
#268=FACE_OUTER_BOUND('',#414,.T.);
#269=FACE_OUTER_BOUND('',#415,.T.);
#270=FACE_OUTER_BOUND('',#416,.T.);
#271=FACE_OUTER_BOUND('',#417,.T.);
#272=FACE_OUTER_BOUND('',#418,.T.);
#273=FACE_OUTER_BOUND('',#419,.T.);
#274=FACE_OUTER_BOUND('',#420,.T.);
#275=FACE_OUTER_BOUND('',#421,.T.);
#276=FACE_OUTER_BOUND('',#422,.T.);
#277=FACE_OUTER_BOUND('',#423,.T.);
#278=FACE_OUTER_BOUND('',#424,.T.);
#279=FACE_OUTER_BOUND('',#425,.T.);
#280=FACE_OUTER_BOUND('',#426,.T.);
#281=FACE_OUTER_BOUND('',#427,.T.);
#282=FACE_OUTER_BOUND('',#428,.T.);
#283=FACE_OUTER_BOUND('',#435,.T.);
#284=FACE_OUTER_BOUND('',#436,.T.);
#285=FACE_OUTER_BOUND('',#437,.T.);
#286=FACE_OUTER_BOUND('',#438,.T.);
#287=FACE_OUTER_BOUND('',#439,.T.);
#288=FACE_OUTER_BOUND('',#440,.T.);
#289=FACE_OUTER_BOUND('',#441,.T.);
#290=FACE_OUTER_BOUND('',#442,.T.);
#291=FACE_OUTER_BOUND('',#443,.T.);
#292=FACE_OUTER_BOUND('',#445,.T.);
#293=FACE_OUTER_BOUND('',#447,.T.);
#294=FACE_OUTER_BOUND('',#448,.T.);
#295=FACE_OUTER_BOUND('',#449,.T.);
#296=FACE_OUTER_BOUND('',#450,.T.);
#297=FACE_OUTER_BOUND('',#451,.T.);
#298=FACE_OUTER_BOUND('',#459,.T.);
#299=FACE_OUTER_BOUND('',#460,.T.);
#300=FACE_OUTER_BOUND('',#461,.T.);
#301=FACE_OUTER_BOUND('',#462,.T.);
#302=FACE_OUTER_BOUND('',#463,.T.);
#303=FACE_OUTER_BOUND('',#464,.T.);
#304=FACE_OUTER_BOUND('',#465,.T.);
#305=FACE_OUTER_BOUND('',#466,.T.);
#306=FACE_OUTER_BOUND('',#467,.T.);
#307=FACE_OUTER_BOUND('',#469,.T.);
#308=FACE_OUTER_BOUND('',#471,.T.);
#309=FACE_OUTER_BOUND('',#472,.T.);
#310=FACE_OUTER_BOUND('',#473,.T.);
#311=FACE_OUTER_BOUND('',#474,.T.);
#312=FACE_OUTER_BOUND('',#475,.T.);
#313=FACE_OUTER_BOUND('',#476,.T.);
#314=FACE_OUTER_BOUND('',#477,.T.);
#315=FACE_OUTER_BOUND('',#478,.T.);
#316=FACE_OUTER_BOUND('',#479,.T.);
#317=FACE_OUTER_BOUND('',#481,.T.);
#318=EDGE_LOOP('',(#1654,#1655,#1656,#1657));
#319=EDGE_LOOP('',(#1658,#1659,#1660,#1661));
#320=EDGE_LOOP('',(#1662,#1663,#1664,#1665));
#321=EDGE_LOOP('',(#1666));
#322=EDGE_LOOP('',(#1667,#1668,#1669,#1670));
#323=EDGE_LOOP('',(#1671));
#324=EDGE_LOOP('',(#1672,#1673,#1674,#1675));
#325=EDGE_LOOP('',(#1676,#1677,#1678,#1679));
#326=EDGE_LOOP('',(#1680,#1681,#1682,#1683));
#327=EDGE_LOOP('',(#1684,#1685,#1686,#1687));
#328=EDGE_LOOP('',(#1688,#1689,#1690,#1691));
#329=EDGE_LOOP('',(#1692,#1693,#1694,#1695));
#330=EDGE_LOOP('',(#1696,#1697,#1698,#1699));
#331=EDGE_LOOP('',(#1700,#1701,#1702,#1703));
#332=EDGE_LOOP('',(#1704,#1705,#1706,#1707));
#333=EDGE_LOOP('',(#1708,#1709,#1710));
#334=EDGE_LOOP('',(#1711,#1712,#1713,#1714,#1715,#1716));
#335=EDGE_LOOP('',(#1717,#1718,#1719,#1720));
#336=EDGE_LOOP('',(#1721,#1722,#1723,#1724));
#337=EDGE_LOOP('',(#1725,#1726,#1727,#1728));
#338=EDGE_LOOP('',(#1729,#1730,#1731,#1732));
#339=EDGE_LOOP('',(#1733,#1734,#1735,#1736));
#340=EDGE_LOOP('',(#1737,#1738,#1739,#1740));
#341=EDGE_LOOP('',(#1741,#1742,#1743,#1744));
#342=EDGE_LOOP('',(#1745,#1746,#1747,#1748));
#343=EDGE_LOOP('',(#1749,#1750,#1751,#1752));
#344=EDGE_LOOP('',(#1753,#1754,#1755,#1756));
#345=EDGE_LOOP('',(#1757,#1758,#1759,#1760));
#346=EDGE_LOOP('',(#1761,#1762,#1763,#1764));
#347=EDGE_LOOP('',(#1765,#1766,#1767,#1768));
#348=EDGE_LOOP('',(#1769,#1770,#1771,#1772));
#349=EDGE_LOOP('',(#1773,#1774,#1775,#1776,#1777,#1778,#1779,#1780));
#350=EDGE_LOOP('',(#1781,#1782,#1783,#1784));
#351=EDGE_LOOP('',(#1785,#1786,#1787,#1788,#1789,#1790,#1791,#1792));
#352=EDGE_LOOP('',(#1793,#1794,#1795,#1796));
#353=EDGE_LOOP('',(#1797,#1798,#1799,#1800));
#354=EDGE_LOOP('',(#1801,#1802,#1803,#1804));
#355=EDGE_LOOP('',(#1805,#1806,#1807,#1808));
#356=EDGE_LOOP('',(#1809,#1810,#1811,#1812));
#357=EDGE_LOOP('',(#1813,#1814,#1815,#1816));
#358=EDGE_LOOP('',(#1817,#1818,#1819,#1820));
#359=EDGE_LOOP('',(#1821,#1822,#1823,#1824));
#360=EDGE_LOOP('',(#1825,#1826,#1827,#1828));
#361=EDGE_LOOP('',(#1829,#1830,#1831,#1832));
#362=EDGE_LOOP('',(#1833,#1834,#1835,#1836));
#363=EDGE_LOOP('',(#1837,#1838,#1839,#1840));
#364=EDGE_LOOP('',(#1841,#1842,#1843,#1844));
#365=EDGE_LOOP('',(#1845,#1846,#1847,#1848));
#366=EDGE_LOOP('',(#1849,#1850,#1851,#1852,#1853,#1854));
#367=EDGE_LOOP('',(#1855,#1856,#1857,#1858,#1859,#1860,#1861,#1862));
#368=EDGE_LOOP('',(#1863,#1864,#1865,#1866));
#369=EDGE_LOOP('',(#1867,#1868,#1869,#1870,#1871,#1872,#1873,#1874,#1875,
#1876));
#370=EDGE_LOOP('',(#1877,#1878,#1879,#1880));
#371=EDGE_LOOP('',(#1881,#1882,#1883,#1884));
#372=EDGE_LOOP('',(#1885,#1886,#1887,#1888));
#373=EDGE_LOOP('',(#1889,#1890,#1891,#1892));
#374=EDGE_LOOP('',(#1893,#1894,#1895,#1896));
#375=EDGE_LOOP('',(#1897,#1898,#1899,#1900));
#376=EDGE_LOOP('',(#1901,#1902,#1903,#1904));
#377=EDGE_LOOP('',(#1905,#1906,#1907,#1908,#1909,#1910,#1911,#1912));
#378=EDGE_LOOP('',(#1913,#1914,#1915,#1916));
#379=EDGE_LOOP('',(#1917));
#380=EDGE_LOOP('',(#1918,#1919,#1920,#1921));
#381=EDGE_LOOP('',(#1922,#1923,#1924,#1925));
#382=EDGE_LOOP('',(#1926,#1927,#1928,#1929,#1930,#1931,#1932,#1933));
#383=EDGE_LOOP('',(#1934,#1935,#1936,#1937));
#384=EDGE_LOOP('',(#1938,#1939,#1940,#1941));
#385=EDGE_LOOP('',(#1942,#1943,#1944,#1945));
#386=EDGE_LOOP('',(#1946));
#387=EDGE_LOOP('',(#1947,#1948,#1949,#1950));
#388=EDGE_LOOP('',(#1951,#1952,#1953,#1954));
#389=EDGE_LOOP('',(#1955));
#390=EDGE_LOOP('',(#1956,#1957,#1958,#1959));
#391=EDGE_LOOP('',(#1960,#1961,#1962,#1963));
#392=EDGE_LOOP('',(#1964,#1965,#1966,#1967));
#393=EDGE_LOOP('',(#1968,#1969,#1970,#1971));
#394=EDGE_LOOP('',(#1972,#1973,#1974,#1975));
#395=EDGE_LOOP('',(#1976,#1977,#1978,#1979));
#396=EDGE_LOOP('',(#1980));
#397=EDGE_LOOP('',(#1981,#1982,#1983,#1984));
#398=EDGE_LOOP('',(#1985,#1986,#1987,#1988));
#399=EDGE_LOOP('',(#1989));
#400=EDGE_LOOP('',(#1990,#1991,#1992,#1993));
#401=EDGE_LOOP('',(#1994,#1995,#1996,#1997));
#402=EDGE_LOOP('',(#1998,#1999,#2000,#2001));
#403=EDGE_LOOP('',(#2002,#2003,#2004,#2005));
#404=EDGE_LOOP('',(#2006));
#405=EDGE_LOOP('',(#2007,#2008,#2009,#2010));
#406=EDGE_LOOP('',(#2011,#2012,#2013,#2014));
#407=EDGE_LOOP('',(#2015));
#408=EDGE_LOOP('',(#2016,#2017,#2018,#2019));
#409=EDGE_LOOP('',(#2020,#2021,#2022,#2023));
#410=EDGE_LOOP('',(#2024,#2025,#2026,#2027));
#411=EDGE_LOOP('',(#2028,#2029,#2030,#2031));
#412=EDGE_LOOP('',(#2032,#2033,#2034,#2035));
#413=EDGE_LOOP('',(#2036,#2037,#2038,#2039));
#414=EDGE_LOOP('',(#2040,#2041,#2042,#2043));
#415=EDGE_LOOP('',(#2044,#2045,#2046,#2047));
#416=EDGE_LOOP('',(#2048,#2049,#2050,#2051));
#417=EDGE_LOOP('',(#2052,#2053,#2054,#2055));
#418=EDGE_LOOP('',(#2056,#2057,#2058,#2059));
#419=EDGE_LOOP('',(#2060,#2061,#2062,#2063));
#420=EDGE_LOOP('',(#2064,#2065,#2066,#2067));
#421=EDGE_LOOP('',(#2068,#2069,#2070,#2071));
#422=EDGE_LOOP('',(#2072,#2073,#2074,#2075));
#423=EDGE_LOOP('',(#2076,#2077,#2078,#2079));
#424=EDGE_LOOP('',(#2080,#2081,#2082,#2083,#2084,#2085));
#425=EDGE_LOOP('',(#2086,#2087,#2088,#2089,#2090,#2091));
#426=EDGE_LOOP('',(#2092,#2093,#2094,#2095));
#427=EDGE_LOOP('',(#2096,#2097,#2098,#2099));
#428=EDGE_LOOP('',(#2100,#2101,#2102,#2103,#2104,#2105,#2106,#2107));
#429=EDGE_LOOP('',(#2108));
#430=EDGE_LOOP('',(#2109));
#431=EDGE_LOOP('',(#2110,#2111,#2112,#2113));
#432=EDGE_LOOP('',(#2114));
#433=EDGE_LOOP('',(#2115));
#434=EDGE_LOOP('',(#2116,#2117,#2118,#2119));
#435=EDGE_LOOP('',(#2120,#2121,#2122,#2123));
#436=EDGE_LOOP('',(#2124,#2125,#2126,#2127));
#437=EDGE_LOOP('',(#2128,#2129,#2130,#2131,#2132,#2133,#2134,#2135));
#438=EDGE_LOOP('',(#2136,#2137,#2138,#2139));
#439=EDGE_LOOP('',(#2140,#2141,#2142,#2143));
#440=EDGE_LOOP('',(#2144,#2145,#2146,#2147));
#441=EDGE_LOOP('',(#2148,#2149,#2150,#2151));
#442=EDGE_LOOP('',(#2152,#2153,#2154,#2155));
#443=EDGE_LOOP('',(#2156,#2157,#2158,#2159));
#444=EDGE_LOOP('',(#2160,#2161,#2162,#2163));
#445=EDGE_LOOP('',(#2164,#2165,#2166,#2167));
#446=EDGE_LOOP('',(#2168,#2169,#2170,#2171));
#447=EDGE_LOOP('',(#2172,#2173,#2174,#2175));
#448=EDGE_LOOP('',(#2176,#2177,#2178,#2179));
#449=EDGE_LOOP('',(#2180,#2181,#2182,#2183));
#450=EDGE_LOOP('',(#2184,#2185,#2186,#2187));
#451=EDGE_LOOP('',(#2188,#2189,#2190,#2191));
#452=EDGE_LOOP('',(#2192,#2193,#2194,#2195));
#453=EDGE_LOOP('',(#2196));
#454=EDGE_LOOP('',(#2197));
#455=EDGE_LOOP('',(#2198,#2199,#2200,#2201));
#456=EDGE_LOOP('',(#2202));
#457=EDGE_LOOP('',(#2203));
#458=EDGE_LOOP('',(#2204,#2205,#2206,#2207));
#459=EDGE_LOOP('',(#2208,#2209,#2210,#2211));
#460=EDGE_LOOP('',(#2212,#2213,#2214,#2215));
#461=EDGE_LOOP('',(#2216,#2217,#2218,#2219));
#462=EDGE_LOOP('',(#2220,#2221,#2222,#2223));
#463=EDGE_LOOP('',(#2224,#2225,#2226,#2227));
#464=EDGE_LOOP('',(#2228,#2229,#2230,#2231));
#465=EDGE_LOOP('',(#2232,#2233,#2234,#2235));
#466=EDGE_LOOP('',(#2236,#2237,#2238,#2239));
#467=EDGE_LOOP('',(#2240,#2241,#2242,#2243));
#468=EDGE_LOOP('',(#2244,#2245,#2246,#2247));
#469=EDGE_LOOP('',(#2248,#2249,#2250,#2251));
#470=EDGE_LOOP('',(#2252,#2253,#2254,#2255));
#471=EDGE_LOOP('',(#2256,#2257,#2258,#2259));
#472=EDGE_LOOP('',(#2260,#2261,#2262,#2263));
#473=EDGE_LOOP('',(#2264,#2265,#2266,#2267));
#474=EDGE_LOOP('',(#2268,#2269,#2270,#2271));
#475=EDGE_LOOP('',(#2272,#2273,#2274,#2275));
#476=EDGE_LOOP('',(#2276,#2277,#2278,#2279));
#477=EDGE_LOOP('',(#2280,#2281,#2282,#2283));
#478=EDGE_LOOP('',(#2284,#2285,#2286,#2287));
#479=EDGE_LOOP('',(#2288,#2289,#2290,#2291));
#480=EDGE_LOOP('',(#2292,#2293,#2294,#2295));
#481=EDGE_LOOP('',(#2296,#2297,#2298,#2299));
#482=EDGE_LOOP('',(#2300,#2301,#2302,#2303));
#483=LINE('',#3264,#788);
#484=LINE('',#3269,#789);
#485=LINE('',#3271,#790);
#486=LINE('',#3273,#791);
#487=LINE('',#3274,#792);
#488=LINE('',#3277,#793);
#489=LINE('',#3279,#794);
#490=LINE('',#3280,#795);
#491=LINE('',#3283,#796);
#492=LINE('',#3285,#797);
#493=LINE('',#3286,#798);
#494=LINE('',#3288,#799);
#495=LINE('',#3292,#800);
#496=LINE('',#3294,#801);
#497=LINE('',#3296,#802);
#498=LINE('',#3297,#803);
#499=LINE('',#3300,#804);
#500=LINE('',#3302,#805);
#501=LINE('',#3303,#806);
#502=LINE('',#3306,#807);
#503=LINE('',#3308,#808);
#504=LINE('',#3309,#809);
#505=LINE('',#3311,#810);
#506=LINE('',#3312,#811);
#507=LINE('',#3316,#812);
#508=LINE('',#3318,#813);
#509=LINE('',#3320,#814);
#510=LINE('',#3321,#815);
#511=LINE('',#3324,#816);
#512=LINE('',#3326,#817);
#513=LINE('',#3327,#818);
#514=LINE('',#3330,#819);
#515=LINE('',#3332,#820);
#516=LINE('',#3333,#821);
#517=LINE('',#3335,#822);
#518=LINE('',#3336,#823);
#519=LINE('',#3340,#824);
#520=LINE('',#3347,#825);
#521=LINE('',#3352,#826);
#522=LINE('',#3354,#827);
#523=LINE('',#3356,#828);
#524=LINE('',#3357,#829);
#525=LINE('',#3360,#830);
#526=LINE('',#3362,#831);
#527=LINE('',#3363,#832);
#528=LINE('',#3366,#833);
#529=LINE('',#3368,#834);
#530=LINE('',#3369,#835);
#531=LINE('',#3373,#836);
#532=LINE('',#3375,#837);
#533=LINE('',#3377,#838);
#534=LINE('',#3378,#839);
#535=LINE('',#3381,#840);
#536=LINE('',#3383,#841);
#537=LINE('',#3384,#842);
#538=LINE('',#3387,#843);
#539=LINE('',#3389,#844);
#540=LINE('',#3390,#845);
#541=LINE('',#3394,#846);
#542=LINE('',#3396,#847);
#543=LINE('',#3398,#848);
#544=LINE('',#3399,#849);
#545=LINE('',#3402,#850);
#546=LINE('',#3404,#851);
#547=LINE('',#3405,#852);
#548=LINE('',#3408,#853);
#549=LINE('',#3410,#854);
#550=LINE('',#3411,#855);
#551=LINE('',#3413,#856);
#552=LINE('',#3414,#857);
#553=LINE('',#3418,#858);
#554=LINE('',#3420,#859);
#555=LINE('',#3422,#860);
#556=LINE('',#3423,#861);
#557=LINE('',#3427,#862);
#558=LINE('',#3429,#863);
#559=LINE('',#3431,#864);
#560=LINE('',#3432,#865);
#561=LINE('',#3434,#866);
#562=LINE('',#3435,#867);
#563=LINE('',#3437,#868);
#564=LINE('',#3439,#869);
#565=LINE('',#3440,#870);
#566=LINE('',#3443,#871);
#567=LINE('',#3445,#872);
#568=LINE('',#3446,#873);
#569=LINE('',#3449,#874);
#570=LINE('',#3450,#875);
#571=LINE('',#3453,#876);
#572=LINE('',#3455,#877);
#573=LINE('',#3456,#878);
#574=LINE('',#3459,#879);
#575=LINE('',#3460,#880);
#576=LINE('',#3462,#881);
#577=LINE('',#3464,#882);
#578=LINE('',#3468,#883);
#579=LINE('',#3470,#884);
#580=LINE('',#3472,#885);
#581=LINE('',#3473,#886);
#582=LINE('',#3476,#887);
#583=LINE('',#3478,#888);
#584=LINE('',#3479,#889);
#585=LINE('',#3482,#890);
#586=LINE('',#3484,#891);
#587=LINE('',#3485,#892);
#588=LINE('',#3487,#893);
#589=LINE('',#3488,#894);
#590=LINE('',#3493,#895);
#591=LINE('',#3495,#896);
#592=LINE('',#3497,#897);
#593=LINE('',#3498,#898);
#594=LINE('',#3501,#899);
#595=LINE('',#3503,#900);
#596=LINE('',#3504,#901);
#597=LINE('',#3506,#902);
#598=LINE('',#3508,#903);
#599=LINE('',#3509,#904);
#600=LINE('',#3512,#905);
#601=LINE('',#3513,#906);
#602=LINE('',#3514,#907);
#603=LINE('',#3516,#908);
#604=LINE('',#3518,#909);
#605=LINE('',#3519,#910);
#606=LINE('',#3524,#911);
#607=LINE('',#3526,#912);
#608=LINE('',#3528,#913);
#609=LINE('',#3529,#914);
#610=LINE('',#3532,#915);
#611=LINE('',#3534,#916);
#612=LINE('',#3535,#917);
#613=LINE('',#3537,#918);
#614=LINE('',#3539,#919);
#615=LINE('',#3541,#920);
#616=LINE('',#3542,#921);
#617=LINE('',#3544,#922);
#618=LINE('',#3545,#923);
#619=LINE('',#3552,#924);
#620=LINE('',#3557,#925);
#621=LINE('',#3559,#926);
#622=LINE('',#3561,#927);
#623=LINE('',#3562,#928);
#624=LINE('',#3565,#929);
#625=LINE('',#3567,#930);
#626=LINE('',#3568,#931);
#627=LINE('',#3571,#932);
#628=LINE('',#3573,#933);
#629=LINE('',#3574,#934);
#630=LINE('',#3576,#935);
#631=LINE('',#3577,#936);
#632=LINE('',#3584,#937);
#633=LINE('',#3589,#938);
#634=LINE('',#3591,#939);
#635=LINE('',#3593,#940);
#636=LINE('',#3594,#941);
#637=LINE('',#3597,#942);
#638=LINE('',#3599,#943);
#639=LINE('',#3600,#944);
#640=LINE('',#3603,#945);
#641=LINE('',#3605,#946);
#642=LINE('',#3606,#947);
#643=LINE('',#3608,#948);
#644=LINE('',#3609,#949);
#645=LINE('',#3616,#950);
#646=LINE('',#3621,#951);
#647=LINE('',#3623,#952);
#648=LINE('',#3625,#953);
#649=LINE('',#3626,#954);
#650=LINE('',#3629,#955);
#651=LINE('',#3631,#956);
#652=LINE('',#3632,#957);
#653=LINE('',#3635,#958);
#654=LINE('',#3637,#959);
#655=LINE('',#3638,#960);
#656=LINE('',#3640,#961);
#657=LINE('',#3641,#962);
#658=LINE('',#3648,#963);
#659=LINE('',#3650,#964);
#660=LINE('',#3652,#965);
#661=LINE('',#3653,#966);
#662=LINE('',#3656,#967);
#663=LINE('',#3658,#968);
#664=LINE('',#3659,#969);
#665=LINE('',#3662,#970);
#666=LINE('',#3664,#971);
#667=LINE('',#3665,#972);
#668=LINE('',#3667,#973);
#669=LINE('',#3668,#974);
#670=LINE('',#3673,#975);
#671=LINE('',#3679,#976);
#672=LINE('',#3684,#977);
#673=LINE('',#3686,#978);
#674=LINE('',#3688,#979);
#675=LINE('',#3689,#980);
#676=LINE('',#3692,#981);
#677=LINE('',#3694,#982);
#678=LINE('',#3695,#983);
#679=LINE('',#3698,#984);
#680=LINE('',#3700,#985);
#681=LINE('',#3701,#986);
#682=LINE('',#3703,#987);
#683=LINE('',#3704,#988);
#684=LINE('',#3709,#989);
#685=LINE('',#3715,#990);
#686=LINE('',#3720,#991);
#687=LINE('',#3722,#992);
#688=LINE('',#3724,#993);
#689=LINE('',#3725,#994);
#690=LINE('',#3728,#995);
#691=LINE('',#3730,#996);
#692=LINE('',#3732,#997);
#693=LINE('',#3734,#998);
#694=LINE('',#3735,#999);
#695=LINE('',#3738,#1000);
#696=LINE('',#3740,#1001);
#697=LINE('',#3742,#1002);
#698=LINE('',#3744,#1003);
#699=LINE('',#3745,#1004);
#700=LINE('',#3747,#1005);
#701=LINE('',#3748,#1006);
#702=LINE('',#3750,#1007);
#703=LINE('',#3753,#1008);
#704=LINE('',#3755,#1009);
#705=LINE('',#3757,#1010);
#706=LINE('',#3759,#1011);
#707=LINE('',#3760,#1012);
#708=LINE('',#3763,#1013);
#709=LINE('',#3765,#1014);
#710=LINE('',#3766,#1015);
#711=LINE('',#3769,#1016);
#712=LINE('',#3770,#1017);
#713=LINE('',#3773,#1018);
#714=LINE('',#3774,#1019);
#715=LINE('',#3776,#1020);
#716=LINE('',#3780,#1021);
#717=LINE('',#3782,#1022);
#718=LINE('',#3784,#1023);
#719=LINE('',#3785,#1024);
#720=LINE('',#3788,#1025);
#721=LINE('',#3790,#1026);
#722=LINE('',#3791,#1027);
#723=LINE('',#3794,#1028);
#724=LINE('',#3796,#1029);
#725=LINE('',#3797,#1030);
#726=LINE('',#3799,#1031);
#727=LINE('',#3800,#1032);
#728=LINE('',#3805,#1033);
#729=LINE('',#3807,#1034);
#730=LINE('',#3809,#1035);
#731=LINE('',#3810,#1036);
#732=LINE('',#3813,#1037);
#733=LINE('',#3815,#1038);
#734=LINE('',#3816,#1039);
#735=LINE('',#3819,#1040);
#736=LINE('',#3820,#1041);
#737=LINE('',#3823,#1042);
#738=LINE('',#3824,#1043);
#739=LINE('',#3826,#1044);
#740=LINE('',#3832,#1045);
#741=LINE('',#3834,#1046);
#742=LINE('',#3836,#1047);
#743=LINE('',#3837,#1048);
#744=LINE('',#3840,#1049);
#745=LINE('',#3842,#1050);
#746=LINE('',#3843,#1051);
#747=LINE('',#3846,#1052);
#748=LINE('',#3848,#1053);
#749=LINE('',#3849,#1054);
#750=LINE('',#3851,#1055);
#751=LINE('',#3852,#1056);
#752=LINE('',#3856,#1057);
#753=LINE('',#3858,#1058);
#754=LINE('',#3860,#1059);
#755=LINE('',#3861,#1060);
#756=LINE('',#3864,#1061);
#757=LINE('',#3866,#1062);
#758=LINE('',#3867,#1063);
#759=LINE('',#3870,#1064);
#760=LINE('',#3872,#1065);
#761=LINE('',#3873,#1066);
#762=LINE('',#3875,#1067);
#763=LINE('',#3876,#1068);
#764=LINE('',#3882,#1069);
#765=LINE('',#3884,#1070);
#766=LINE('',#3886,#1071);
#767=LINE('',#3887,#1072);
#768=LINE('',#3890,#1073);
#769=LINE('',#3892,#1074);
#770=LINE('',#3893,#1075);
#771=LINE('',#3896,#1076);
#772=LINE('',#3898,#1077);
#773=LINE('',#3899,#1078);
#774=LINE('',#3901,#1079);
#775=LINE('',#3902,#1080);
#776=LINE('',#3906,#1081);
#777=LINE('',#3908,#1082);
#778=LINE('',#3910,#1083);
#779=LINE('',#3911,#1084);
#780=LINE('',#3914,#1085);
#781=LINE('',#3916,#1086);
#782=LINE('',#3917,#1087);
#783=LINE('',#3920,#1088);
#784=LINE('',#3922,#1089);
#785=LINE('',#3923,#1090);
#786=LINE('',#3925,#1091);
#787=LINE('',#3926,#1092);
#788=VECTOR('',#2655,0.9);
#789=VECTOR('',#2660,10.);
#790=VECTOR('',#2661,10.);
#791=VECTOR('',#2662,10.);
#792=VECTOR('',#2663,10.);
#793=VECTOR('',#2666,10.);
#794=VECTOR('',#2667,10.);
#795=VECTOR('',#2668,10.);
#796=VECTOR('',#2671,10.);
#797=VECTOR('',#2672,10.);
#798=VECTOR('',#2673,10.);
#799=VECTOR('',#2676,10.);
#800=VECTOR('',#2679,10.);
#801=VECTOR('',#2680,10.);
#802=VECTOR('',#2681,10.);
#803=VECTOR('',#2682,10.);
#804=VECTOR('',#2685,10.);
#805=VECTOR('',#2686,10.);
#806=VECTOR('',#2687,10.);
#807=VECTOR('',#2690,10.);
#808=VECTOR('',#2691,10.);
#809=VECTOR('',#2692,10.);
#810=VECTOR('',#2695,10.);
#811=VECTOR('',#2696,10.);
#812=VECTOR('',#2699,10.);
#813=VECTOR('',#2700,10.);
#814=VECTOR('',#2701,10.);
#815=VECTOR('',#2702,10.);
#816=VECTOR('',#2705,10.);
#817=VECTOR('',#2706,10.);
#818=VECTOR('',#2707,10.);
#819=VECTOR('',#2710,10.);
#820=VECTOR('',#2711,10.);
#821=VECTOR('',#2712,10.);
#822=VECTOR('',#2715,10.);
#823=VECTOR('',#2716,10.);
#824=VECTOR('',#2719,10.);
#825=VECTOR('',#2728,3.);
#826=VECTOR('',#2733,10.);
#827=VECTOR('',#2734,10.);
#828=VECTOR('',#2735,10.);
#829=VECTOR('',#2736,10.);
#830=VECTOR('',#2739,10.);
#831=VECTOR('',#2740,10.);
#832=VECTOR('',#2741,10.);
#833=VECTOR('',#2744,10.);
#834=VECTOR('',#2745,10.);
#835=VECTOR('',#2746,10.);
#836=VECTOR('',#2749,10.);
#837=VECTOR('',#2750,10.);
#838=VECTOR('',#2751,10.);
#839=VECTOR('',#2752,10.);
#840=VECTOR('',#2755,10.);
#841=VECTOR('',#2756,10.);
#842=VECTOR('',#2757,10.);
#843=VECTOR('',#2760,10.);
#844=VECTOR('',#2761,10.);
#845=VECTOR('',#2762,10.);
#846=VECTOR('',#2765,10.);
#847=VECTOR('',#2766,10.);
#848=VECTOR('',#2767,10.);
#849=VECTOR('',#2768,10.);
#850=VECTOR('',#2771,10.);
#851=VECTOR('',#2772,10.);
#852=VECTOR('',#2773,10.);
#853=VECTOR('',#2776,10.);
#854=VECTOR('',#2777,10.);
#855=VECTOR('',#2778,10.);
#856=VECTOR('',#2781,10.);
#857=VECTOR('',#2782,10.);
#858=VECTOR('',#2785,10.);
#859=VECTOR('',#2786,10.);
#860=VECTOR('',#2787,10.);
#861=VECTOR('',#2788,10.);
#862=VECTOR('',#2791,10.);
#863=VECTOR('',#2792,10.);
#864=VECTOR('',#2793,10.);
#865=VECTOR('',#2794,10.);
#866=VECTOR('',#2797,10.);
#867=VECTOR('',#2798,10.);
#868=VECTOR('',#2799,10.);
#869=VECTOR('',#2800,10.);
#870=VECTOR('',#2801,10.);
#871=VECTOR('',#2804,10.);
#872=VECTOR('',#2805,10.);
#873=VECTOR('',#2806,10.);
#874=VECTOR('',#2809,10.);
#875=VECTOR('',#2810,10.);
#876=VECTOR('',#2813,10.);
#877=VECTOR('',#2814,10.);
#878=VECTOR('',#2815,10.);
#879=VECTOR('',#2818,10.);
#880=VECTOR('',#2819,10.);
#881=VECTOR('',#2822,10.);
#882=VECTOR('',#2825,10.);
#883=VECTOR('',#2828,10.);
#884=VECTOR('',#2829,10.);
#885=VECTOR('',#2830,10.);
#886=VECTOR('',#2831,10.);
#887=VECTOR('',#2834,10.);
#888=VECTOR('',#2835,10.);
#889=VECTOR('',#2836,10.);
#890=VECTOR('',#2839,10.);
#891=VECTOR('',#2840,10.);
#892=VECTOR('',#2841,10.);
#893=VECTOR('',#2844,10.);
#894=VECTOR('',#2845,10.);
#895=VECTOR('',#2850,10.);
#896=VECTOR('',#2851,10.);
#897=VECTOR('',#2852,10.);
#898=VECTOR('',#2853,10.);
#899=VECTOR('',#2856,10.);
#900=VECTOR('',#2857,10.);
#901=VECTOR('',#2858,10.);
#902=VECTOR('',#2861,10.);
#903=VECTOR('',#2862,10.);
#904=VECTOR('',#2863,10.);
#905=VECTOR('',#2866,10.);
#906=VECTOR('',#2867,10.);
#907=VECTOR('',#2868,10.);
#908=VECTOR('',#2871,10.);
#909=VECTOR('',#2874,10.);
#910=VECTOR('',#2875,10.);
#911=VECTOR('',#2880,10.);
#912=VECTOR('',#2881,10.);
#913=VECTOR('',#2882,10.);
#914=VECTOR('',#2883,10.);
#915=VECTOR('',#2886,10.);
#916=VECTOR('',#2887,10.);
#917=VECTOR('',#2888,10.);
#918=VECTOR('',#2891,10.);
#919=VECTOR('',#2892,10.);
#920=VECTOR('',#2893,10.);
#921=VECTOR('',#2894,10.);
#922=VECTOR('',#2897,10.);
#923=VECTOR('',#2898,10.);
#924=VECTOR('',#2907,0.899999999999999);
#925=VECTOR('',#2912,10.);
#926=VECTOR('',#2913,10.);
#927=VECTOR('',#2914,10.);
#928=VECTOR('',#2915,10.);
#929=VECTOR('',#2918,10.);
#930=VECTOR('',#2919,10.);
#931=VECTOR('',#2920,10.);
#932=VECTOR('',#2923,10.);
#933=VECTOR('',#2924,10.);
#934=VECTOR('',#2925,10.);
#935=VECTOR('',#2928,10.);
#936=VECTOR('',#2929,10.);
#937=VECTOR('',#2938,0.899999999999999);
#938=VECTOR('',#2943,10.);
#939=VECTOR('',#2944,10.);
#940=VECTOR('',#2945,10.);
#941=VECTOR('',#2946,10.);
#942=VECTOR('',#2949,10.);
#943=VECTOR('',#2950,10.);
#944=VECTOR('',#2951,10.);
#945=VECTOR('',#2954,10.);
#946=VECTOR('',#2955,10.);
#947=VECTOR('',#2956,10.);
#948=VECTOR('',#2959,10.);
#949=VECTOR('',#2960,10.);
#950=VECTOR('',#2969,0.9);
#951=VECTOR('',#2974,10.);
#952=VECTOR('',#2975,10.);
#953=VECTOR('',#2976,10.);
#954=VECTOR('',#2977,10.);
#955=VECTOR('',#2980,10.);
#956=VECTOR('',#2981,10.);
#957=VECTOR('',#2982,10.);
#958=VECTOR('',#2985,10.);
#959=VECTOR('',#2986,10.);
#960=VECTOR('',#2987,10.);
#961=VECTOR('',#2990,10.);
#962=VECTOR('',#2991,10.);
#963=VECTOR('',#3000,10.);
#964=VECTOR('',#3001,10.);
#965=VECTOR('',#3002,10.);
#966=VECTOR('',#3003,10.);
#967=VECTOR('',#3006,10.);
#968=VECTOR('',#3007,10.);
#969=VECTOR('',#3008,10.);
#970=VECTOR('',#3011,10.);
#971=VECTOR('',#3012,10.);
#972=VECTOR('',#3013,10.);
#973=VECTOR('',#3016,10.);
#974=VECTOR('',#3017,10.);
#975=VECTOR('',#3022,1.25);
#976=VECTOR('',#3029,1.25);
#977=VECTOR('',#3034,10.);
#978=VECTOR('',#3035,10.);
#979=VECTOR('',#3036,10.);
#980=VECTOR('',#3037,10.);
#981=VECTOR('',#3040,10.);
#982=VECTOR('',#3041,10.);
#983=VECTOR('',#3042,10.);
#984=VECTOR('',#3045,10.);
#985=VECTOR('',#3046,10.);
#986=VECTOR('',#3047,10.);
#987=VECTOR('',#3050,10.);
#988=VECTOR('',#3051,10.);
#989=VECTOR('',#3056,1.25);
#990=VECTOR('',#3063,1.25);
#991=VECTOR('',#3068,10.);
#992=VECTOR('',#3069,10.);
#993=VECTOR('',#3070,10.);
#994=VECTOR('',#3071,10.);
#995=VECTOR('',#3074,10.);
#996=VECTOR('',#3075,10.);
#997=VECTOR('',#3076,10.);
#998=VECTOR('',#3077,10.);
#999=VECTOR('',#3078,10.);
#1000=VECTOR('',#3081,10.);
#1001=VECTOR('',#3082,10.);
#1002=VECTOR('',#3083,10.);
#1003=VECTOR('',#3084,10.);
#1004=VECTOR('',#3085,10.);
#1005=VECTOR('',#3088,10.);
#1006=VECTOR('',#3089,10.);
#1007=VECTOR('',#3092,10.);
#1008=VECTOR('',#3095,10.);
#1009=VECTOR('',#3096,10.);
#1010=VECTOR('',#3097,10.);
#1011=VECTOR('',#3098,10.);
#1012=VECTOR('',#3099,10.);
#1013=VECTOR('',#3102,10.);
#1014=VECTOR('',#3103,10.);
#1015=VECTOR('',#3104,10.);
#1016=VECTOR('',#3107,10.);
#1017=VECTOR('',#3108,10.);
#1018=VECTOR('',#3111,10.);
#1019=VECTOR('',#3112,10.);
#1020=VECTOR('',#3115,10.);
#1021=VECTOR('',#3118,10.);
#1022=VECTOR('',#3119,10.);
#1023=VECTOR('',#3120,10.);
#1024=VECTOR('',#3121,10.);
#1025=VECTOR('',#3124,10.);
#1026=VECTOR('',#3125,10.);
#1027=VECTOR('',#3126,10.);
#1028=VECTOR('',#3129,10.);
#1029=VECTOR('',#3130,10.);
#1030=VECTOR('',#3131,10.);
#1031=VECTOR('',#3134,10.);
#1032=VECTOR('',#3135,10.);
#1033=VECTOR('',#3140,10.);
#1034=VECTOR('',#3141,10.);
#1035=VECTOR('',#3142,10.);
#1036=VECTOR('',#3143,10.);
#1037=VECTOR('',#3146,10.);
#1038=VECTOR('',#3147,10.);
#1039=VECTOR('',#3148,10.);
#1040=VECTOR('',#3151,10.);
#1041=VECTOR('',#3152,10.);
#1042=VECTOR('',#3155,10.);
#1043=VECTOR('',#3156,10.);
#1044=VECTOR('',#3159,10.);
#1045=VECTOR('',#3166,10.);
#1046=VECTOR('',#3167,10.);
#1047=VECTOR('',#3168,10.);
#1048=VECTOR('',#3169,10.);
#1049=VECTOR('',#3172,10.);
#1050=VECTOR('',#3173,10.);
#1051=VECTOR('',#3174,10.);
#1052=VECTOR('',#3177,10.);
#1053=VECTOR('',#3178,10.);
#1054=VECTOR('',#3179,10.);
#1055=VECTOR('',#3182,10.);
#1056=VECTOR('',#3183,10.);
#1057=VECTOR('',#3186,10.);
#1058=VECTOR('',#3187,10.);
#1059=VECTOR('',#3188,10.);
#1060=VECTOR('',#3189,10.);
#1061=VECTOR('',#3192,10.);
#1062=VECTOR('',#3193,10.);
#1063=VECTOR('',#3194,10.);
#1064=VECTOR('',#3197,10.);
#1065=VECTOR('',#3198,10.);
#1066=VECTOR('',#3199,10.);
#1067=VECTOR('',#3202,10.);
#1068=VECTOR('',#3203,10.);
#1069=VECTOR('',#3210,10.);
#1070=VECTOR('',#3211,10.);
#1071=VECTOR('',#3212,10.);
#1072=VECTOR('',#3213,10.);
#1073=VECTOR('',#3216,10.);
#1074=VECTOR('',#3217,10.);
#1075=VECTOR('',#3218,10.);
#1076=VECTOR('',#3221,10.);
#1077=VECTOR('',#3222,10.);
#1078=VECTOR('',#3223,10.);
#1079=VECTOR('',#3226,10.);
#1080=VECTOR('',#3227,10.);
#1081=VECTOR('',#3230,10.);
#1082=VECTOR('',#3231,10.);
#1083=VECTOR('',#3232,10.);
#1084=VECTOR('',#3233,10.);
#1085=VECTOR('',#3236,10.);
#1086=VECTOR('',#3237,10.);
#1087=VECTOR('',#3238,10.);
#1088=VECTOR('',#3241,10.);
#1089=VECTOR('',#3242,10.);
#1090=VECTOR('',#3243,10.);
#1091=VECTOR('',#3246,10.);
#1092=VECTOR('',#3247,10.);
#1093=CIRCLE('',#2497,0.9);
#1094=CIRCLE('',#2498,0.9);
#1095=CIRCLE('',#2512,3.);
#1096=CIRCLE('',#2513,3.);
#1097=CIRCLE('',#2515,3.);
#1098=CIRCLE('',#2516,3.);
#1099=CIRCLE('',#2555,0.899999999999999);
#1100=CIRCLE('',#2556,0.899999999999999);
#1101=CIRCLE('',#2564,0.899999999999999);
#1102=CIRCLE('',#2565,0.899999999999999);
#1103=CIRCLE('',#2573,0.9);
#1104=CIRCLE('',#2574,0.9);
#1105=CIRCLE('',#2587,1.25);
#1106=CIRCLE('',#2588,1.25);
#1107=CIRCLE('',#2590,1.25);
#1108=CIRCLE('',#2591,1.25);
#1109=CIRCLE('',#2597,1.25);
#1110=CIRCLE('',#2598,1.25);
#1111=CIRCLE('',#2600,1.25);
#1112=CIRCLE('',#2601,1.25);
#1113=VERTEX_POINT('',#3261);
#1114=VERTEX_POINT('',#3263);
#1115=VERTEX_POINT('',#3267);
#1116=VERTEX_POINT('',#3268);
#1117=VERTEX_POINT('',#3270);
#1118=VERTEX_POINT('',#3272);
#1119=VERTEX_POINT('',#3276);
#1120=VERTEX_POINT('',#3278);
#1121=VERTEX_POINT('',#3282);
#1122=VERTEX_POINT('',#3284);
#1123=VERTEX_POINT('',#3290);
#1124=VERTEX_POINT('',#3291);
#1125=VERTEX_POINT('',#3293);
#1126=VERTEX_POINT('',#3295);
#1127=VERTEX_POINT('',#3299);
#1128=VERTEX_POINT('',#3301);
#1129=VERTEX_POINT('',#3305);
#1130=VERTEX_POINT('',#3307);
#1131=VERTEX_POINT('',#3314);
#1132=VERTEX_POINT('',#3315);
#1133=VERTEX_POINT('',#3317);
#1134=VERTEX_POINT('',#3319);
#1135=VERTEX_POINT('',#3323);
#1136=VERTEX_POINT('',#3325);
#1137=VERTEX_POINT('',#3329);
#1138=VERTEX_POINT('',#3331);
#1139=VERTEX_POINT('',#3338);
#1140=VERTEX_POINT('',#3339);
#1141=VERTEX_POINT('',#3341);
#1142=VERTEX_POINT('',#3345);
#1143=VERTEX_POINT('',#3350);
#1144=VERTEX_POINT('',#3351);
#1145=VERTEX_POINT('',#3353);
#1146=VERTEX_POINT('',#3355);
#1147=VERTEX_POINT('',#3359);
#1148=VERTEX_POINT('',#3361);
#1149=VERTEX_POINT('',#3365);
#1150=VERTEX_POINT('',#3367);
#1151=VERTEX_POINT('',#3371);
#1152=VERTEX_POINT('',#3372);
#1153=VERTEX_POINT('',#3374);
#1154=VERTEX_POINT('',#3376);
#1155=VERTEX_POINT('',#3380);
#1156=VERTEX_POINT('',#3382);
#1157=VERTEX_POINT('',#3386);
#1158=VERTEX_POINT('',#3388);
#1159=VERTEX_POINT('',#3392);
#1160=VERTEX_POINT('',#3393);
#1161=VERTEX_POINT('',#3395);
#1162=VERTEX_POINT('',#3397);
#1163=VERTEX_POINT('',#3401);
#1164=VERTEX_POINT('',#3403);
#1165=VERTEX_POINT('',#3407);
#1166=VERTEX_POINT('',#3409);
#1167=VERTEX_POINT('',#3416);
#1168=VERTEX_POINT('',#3417);
#1169=VERTEX_POINT('',#3419);
#1170=VERTEX_POINT('',#3421);
#1171=VERTEX_POINT('',#3425);
#1172=VERTEX_POINT('',#3426);
#1173=VERTEX_POINT('',#3428);
#1174=VERTEX_POINT('',#3430);
#1175=VERTEX_POINT('',#3436);
#1176=VERTEX_POINT('',#3438);
#1177=VERTEX_POINT('',#3442);
#1178=VERTEX_POINT('',#3444);
#1179=VERTEX_POINT('',#3448);
#1180=VERTEX_POINT('',#3452);
#1181=VERTEX_POINT('',#3454);
#1182=VERTEX_POINT('',#3458);
#1183=VERTEX_POINT('',#3466);
#1184=VERTEX_POINT('',#3467);
#1185=VERTEX_POINT('',#3469);
#1186=VERTEX_POINT('',#3471);
#1187=VERTEX_POINT('',#3475);
#1188=VERTEX_POINT('',#3477);
#1189=VERTEX_POINT('',#3481);
#1190=VERTEX_POINT('',#3483);
#1191=VERTEX_POINT('',#3491);
#1192=VERTEX_POINT('',#3492);
#1193=VERTEX_POINT('',#3494);
#1194=VERTEX_POINT('',#3496);
#1195=VERTEX_POINT('',#3500);
#1196=VERTEX_POINT('',#3502);
#1197=VERTEX_POINT('',#3507);
#1198=VERTEX_POINT('',#3511);
#1199=VERTEX_POINT('',#3522);
#1200=VERTEX_POINT('',#3523);
#1201=VERTEX_POINT('',#3525);
#1202=VERTEX_POINT('',#3527);
#1203=VERTEX_POINT('',#3531);
#1204=VERTEX_POINT('',#3533);
#1205=VERTEX_POINT('',#3538);
#1206=VERTEX_POINT('',#3540);
#1207=VERTEX_POINT('',#3549);
#1208=VERTEX_POINT('',#3551);
#1209=VERTEX_POINT('',#3555);
#1210=VERTEX_POINT('',#3556);
#1211=VERTEX_POINT('',#3558);
#1212=VERTEX_POINT('',#3560);
#1213=VERTEX_POINT('',#3564);
#1214=VERTEX_POINT('',#3566);
#1215=VERTEX_POINT('',#3570);
#1216=VERTEX_POINT('',#3572);
#1217=VERTEX_POINT('',#3581);
#1218=VERTEX_POINT('',#3583);
#1219=VERTEX_POINT('',#3587);
#1220=VERTEX_POINT('',#3588);
#1221=VERTEX_POINT('',#3590);
#1222=VERTEX_POINT('',#3592);
#1223=VERTEX_POINT('',#3596);
#1224=VERTEX_POINT('',#3598);
#1225=VERTEX_POINT('',#3602);
#1226=VERTEX_POINT('',#3604);
#1227=VERTEX_POINT('',#3613);
#1228=VERTEX_POINT('',#3615);
#1229=VERTEX_POINT('',#3619);
#1230=VERTEX_POINT('',#3620);
#1231=VERTEX_POINT('',#3622);
#1232=VERTEX_POINT('',#3624);
#1233=VERTEX_POINT('',#3628);
#1234=VERTEX_POINT('',#3630);
#1235=VERTEX_POINT('',#3634);
#1236=VERTEX_POINT('',#3636);
#1237=VERTEX_POINT('',#3646);
#1238=VERTEX_POINT('',#3647);
#1239=VERTEX_POINT('',#3649);
#1240=VERTEX_POINT('',#3651);
#1241=VERTEX_POINT('',#3655);
#1242=VERTEX_POINT('',#3657);
#1243=VERTEX_POINT('',#3661);
#1244=VERTEX_POINT('',#3663);
#1245=VERTEX_POINT('',#3670);
#1246=VERTEX_POINT('',#3672);
#1247=VERTEX_POINT('',#3676);
#1248=VERTEX_POINT('',#3678);
#1249=VERTEX_POINT('',#3682);
#1250=VERTEX_POINT('',#3683);
#1251=VERTEX_POINT('',#3685);
#1252=VERTEX_POINT('',#3687);
#1253=VERTEX_POINT('',#3691);
#1254=VERTEX_POINT('',#3693);
#1255=VERTEX_POINT('',#3697);
#1256=VERTEX_POINT('',#3699);
#1257=VERTEX_POINT('',#3706);
#1258=VERTEX_POINT('',#3708);
#1259=VERTEX_POINT('',#3712);
#1260=VERTEX_POINT('',#3714);
#1261=VERTEX_POINT('',#3718);
#1262=VERTEX_POINT('',#3719);
#1263=VERTEX_POINT('',#3721);
#1264=VERTEX_POINT('',#3723);
#1265=VERTEX_POINT('',#3727);
#1266=VERTEX_POINT('',#3729);
#1267=VERTEX_POINT('',#3731);
#1268=VERTEX_POINT('',#3733);
#1269=VERTEX_POINT('',#3737);
#1270=VERTEX_POINT('',#3739);
#1271=VERTEX_POINT('',#3741);
#1272=VERTEX_POINT('',#3743);
#1273=VERTEX_POINT('',#3752);
#1274=VERTEX_POINT('',#3754);
#1275=VERTEX_POINT('',#3756);
#1276=VERTEX_POINT('',#3758);
#1277=VERTEX_POINT('',#3762);
#1278=VERTEX_POINT('',#3764);
#1279=VERTEX_POINT('',#3768);
#1280=VERTEX_POINT('',#3772);
#1281=VERTEX_POINT('',#3778);
#1282=VERTEX_POINT('',#3779);
#1283=VERTEX_POINT('',#3781);
#1284=VERTEX_POINT('',#3783);
#1285=VERTEX_POINT('',#3787);
#1286=VERTEX_POINT('',#3789);
#1287=VERTEX_POINT('',#3793);
#1288=VERTEX_POINT('',#3795);
#1289=VERTEX_POINT('',#3803);
#1290=VERTEX_POINT('',#3804);
#1291=VERTEX_POINT('',#3806);
#1292=VERTEX_POINT('',#3808);
#1293=VERTEX_POINT('',#3812);
#1294=VERTEX_POINT('',#3814);
#1295=VERTEX_POINT('',#3818);
#1296=VERTEX_POINT('',#3822);
#1297=VERTEX_POINT('',#3830);
#1298=VERTEX_POINT('',#3831);
#1299=VERTEX_POINT('',#3833);
#1300=VERTEX_POINT('',#3835);
#1301=VERTEX_POINT('',#3839);
#1302=VERTEX_POINT('',#3841);
#1303=VERTEX_POINT('',#3845);
#1304=VERTEX_POINT('',#3847);
#1305=VERTEX_POINT('',#3854);
#1306=VERTEX_POINT('',#3855);
#1307=VERTEX_POINT('',#3857);
#1308=VERTEX_POINT('',#3859);
#1309=VERTEX_POINT('',#3863);
#1310=VERTEX_POINT('',#3865);
#1311=VERTEX_POINT('',#3869);
#1312=VERTEX_POINT('',#3871);
#1313=VERTEX_POINT('',#3880);
#1314=VERTEX_POINT('',#3881);
#1315=VERTEX_POINT('',#3883);
#1316=VERTEX_POINT('',#3885);
#1317=VERTEX_POINT('',#3889);
#1318=VERTEX_POINT('',#3891);
#1319=VERTEX_POINT('',#3895);
#1320=VERTEX_POINT('',#3897);
#1321=VERTEX_POINT('',#3904);
#1322=VERTEX_POINT('',#3905);
#1323=VERTEX_POINT('',#3907);
#1324=VERTEX_POINT('',#3909);
#1325=VERTEX_POINT('',#3913);
#1326=VERTEX_POINT('',#3915);
#1327=VERTEX_POINT('',#3919);
#1328=VERTEX_POINT('',#3921);
#1329=EDGE_CURVE('',#1113,#1113,#1093,.T.);
#1330=EDGE_CURVE('',#1113,#1114,#483,.T.);
#1331=EDGE_CURVE('',#1114,#1114,#1094,.T.);
#1332=EDGE_CURVE('',#1115,#1116,#484,.T.);
#1333=EDGE_CURVE('',#1115,#1117,#485,.T.);
#1334=EDGE_CURVE('',#1118,#1117,#486,.T.);
#1335=EDGE_CURVE('',#1116,#1118,#487,.T.);
#1336=EDGE_CURVE('',#1116,#1119,#488,.T.);
#1337=EDGE_CURVE('',#1120,#1118,#489,.T.);
#1338=EDGE_CURVE('',#1119,#1120,#490,.T.);
#1339=EDGE_CURVE('',#1121,#1115,#491,.T.);
#1340=EDGE_CURVE('',#1121,#1122,#492,.T.);
#1341=EDGE_CURVE('',#1117,#1122,#493,.T.);
#1342=EDGE_CURVE('',#1122,#1120,#494,.T.);
#1343=EDGE_CURVE('',#1123,#1124,#495,.T.);
#1344=EDGE_CURVE('',#1123,#1125,#496,.T.);
#1345=EDGE_CURVE('',#1126,#1125,#497,.T.);
#1346=EDGE_CURVE('',#1124,#1126,#498,.T.);
#1347=EDGE_CURVE('',#1127,#1123,#499,.T.);
#1348=EDGE_CURVE('',#1127,#1128,#500,.T.);
#1349=EDGE_CURVE('',#1125,#1128,#501,.T.);
#1350=EDGE_CURVE('',#1129,#1127,#502,.T.);
#1351=EDGE_CURVE('',#1129,#1130,#503,.T.);
#1352=EDGE_CURVE('',#1128,#1130,#504,.T.);
#1353=EDGE_CURVE('',#1124,#1129,#505,.T.);
#1354=EDGE_CURVE('',#1130,#1126,#506,.T.);
#1355=EDGE_CURVE('',#1131,#1132,#507,.T.);
#1356=EDGE_CURVE('',#1131,#1133,#508,.T.);
#1357=EDGE_CURVE('',#1134,#1133,#509,.T.);
#1358=EDGE_CURVE('',#1132,#1134,#510,.T.);
#1359=EDGE_CURVE('',#1135,#1131,#511,.T.);
#1360=EDGE_CURVE('',#1135,#1136,#512,.T.);
#1361=EDGE_CURVE('',#1133,#1136,#513,.T.);
#1362=EDGE_CURVE('',#1137,#1135,#514,.T.);
#1363=EDGE_CURVE('',#1137,#1138,#515,.T.);
#1364=EDGE_CURVE('',#1136,#1138,#516,.T.);
#1365=EDGE_CURVE('',#1132,#1137,#517,.T.);
#1366=EDGE_CURVE('',#1138,#1134,#518,.T.);
#1367=EDGE_CURVE('',#1139,#1140,#519,.T.);
#1368=EDGE_CURVE('',#1141,#1139,#1095,.T.);
#1369=EDGE_CURVE('',#1140,#1141,#1096,.T.);
#1370=EDGE_CURVE('',#1142,#1142,#1097,.T.);
#1371=EDGE_CURVE('',#1142,#1141,#520,.T.);
#1372=EDGE_CURVE('',#1140,#1139,#1098,.T.);
#1373=EDGE_CURVE('',#1143,#1144,#521,.T.);
#1374=EDGE_CURVE('',#1143,#1145,#522,.T.);
#1375=EDGE_CURVE('',#1146,#1145,#523,.T.);
#1376=EDGE_CURVE('',#1144,#1146,#524,.T.);
#1377=EDGE_CURVE('',#1147,#1143,#525,.T.);
#1378=EDGE_CURVE('',#1147,#1148,#526,.T.);
#1379=EDGE_CURVE('',#1145,#1148,#527,.T.);
#1380=EDGE_CURVE('',#1149,#1147,#528,.T.);
#1381=EDGE_CURVE('',#1149,#1150,#529,.T.);
#1382=EDGE_CURVE('',#1148,#1150,#530,.T.);
#1383=EDGE_CURVE('',#1151,#1152,#531,.T.);
#1384=EDGE_CURVE('',#1151,#1153,#532,.T.);
#1385=EDGE_CURVE('',#1154,#1153,#533,.T.);
#1386=EDGE_CURVE('',#1152,#1154,#534,.T.);
#1387=EDGE_CURVE('',#1155,#1151,#535,.T.);
#1388=EDGE_CURVE('',#1155,#1156,#536,.T.);
#1389=EDGE_CURVE('',#1153,#1156,#537,.T.);
#1390=EDGE_CURVE('',#1152,#1157,#538,.T.);
#1391=EDGE_CURVE('',#1158,#1154,#539,.T.);
#1392=EDGE_CURVE('',#1157,#1158,#540,.T.);
#1393=EDGE_CURVE('',#1159,#1160,#541,.T.);
#1394=EDGE_CURVE('',#1160,#1161,#542,.T.);
#1395=EDGE_CURVE('',#1162,#1161,#543,.T.);
#1396=EDGE_CURVE('',#1159,#1162,#544,.T.);
#1397=EDGE_CURVE('',#1163,#1159,#545,.T.);
#1398=EDGE_CURVE('',#1164,#1162,#546,.T.);
#1399=EDGE_CURVE('',#1163,#1164,#547,.T.);
#1400=EDGE_CURVE('',#1165,#1163,#548,.T.);
#1401=EDGE_CURVE('',#1166,#1164,#549,.T.);
#1402=EDGE_CURVE('',#1165,#1166,#550,.T.);
#1403=EDGE_CURVE('',#1160,#1165,#551,.T.);
#1404=EDGE_CURVE('',#1161,#1166,#552,.T.);
#1405=EDGE_CURVE('',#1167,#1168,#553,.T.);
#1406=EDGE_CURVE('',#1169,#1167,#554,.T.);
#1407=EDGE_CURVE('',#1170,#1169,#555,.T.);
#1408=EDGE_CURVE('',#1168,#1170,#556,.T.);
#1409=EDGE_CURVE('',#1171,#1172,#557,.T.);
#1410=EDGE_CURVE('',#1173,#1171,#558,.T.);
#1411=EDGE_CURVE('',#1174,#1173,#559,.T.);
#1412=EDGE_CURVE('',#1172,#1174,#560,.T.);
#1413=EDGE_CURVE('',#1170,#1156,#561,.T.);
#1414=EDGE_CURVE('',#1157,#1155,#562,.T.);
#1415=EDGE_CURVE('',#1158,#1175,#563,.T.);
#1416=EDGE_CURVE('',#1175,#1176,#564,.T.);
#1417=EDGE_CURVE('',#1168,#1176,#565,.T.);
#1418=EDGE_CURVE('',#1177,#1171,#566,.T.);
#1419=EDGE_CURVE('',#1178,#1177,#567,.T.);
#1420=EDGE_CURVE('',#1178,#1173,#568,.T.);
#1421=EDGE_CURVE('',#1169,#1179,#569,.T.);
#1422=EDGE_CURVE('',#1179,#1175,#570,.T.);
#1423=EDGE_CURVE('',#1180,#1174,#571,.T.);
#1424=EDGE_CURVE('',#1181,#1180,#572,.T.);
#1425=EDGE_CURVE('',#1181,#1172,#573,.T.);
#1426=EDGE_CURVE('',#1167,#1182,#574,.T.);
#1427=EDGE_CURVE('',#1182,#1179,#575,.T.);
#1428=EDGE_CURVE('',#1176,#1182,#576,.T.);
#1429=EDGE_CURVE('',#1177,#1181,#577,.T.);
#1430=EDGE_CURVE('',#1183,#1184,#578,.T.);
#1431=EDGE_CURVE('',#1184,#1185,#579,.T.);
#1432=EDGE_CURVE('',#1186,#1185,#580,.T.);
#1433=EDGE_CURVE('',#1183,#1186,#581,.T.);
#1434=EDGE_CURVE('',#1187,#1183,#582,.T.);
#1435=EDGE_CURVE('',#1188,#1186,#583,.T.);
#1436=EDGE_CURVE('',#1187,#1188,#584,.T.);
#1437=EDGE_CURVE('',#1189,#1187,#585,.T.);
#1438=EDGE_CURVE('',#1190,#1188,#586,.T.);
#1439=EDGE_CURVE('',#1189,#1190,#587,.T.);
#1440=EDGE_CURVE('',#1184,#1189,#588,.T.);
#1441=EDGE_CURVE('',#1185,#1190,#589,.T.);
#1442=EDGE_CURVE('',#1191,#1192,#590,.T.);
#1443=EDGE_CURVE('',#1193,#1191,#591,.T.);
#1444=EDGE_CURVE('',#1194,#1193,#592,.T.);
#1445=EDGE_CURVE('',#1192,#1194,#593,.T.);
#1446=EDGE_CURVE('',#1191,#1195,#594,.T.);
#1447=EDGE_CURVE('',#1195,#1196,#595,.T.);
#1448=EDGE_CURVE('',#1193,#1196,#596,.T.);
#1449=EDGE_CURVE('',#1194,#1139,#597,.T.);
#1450=EDGE_CURVE('',#1196,#1197,#598,.T.);
#1451=EDGE_CURVE('',#1140,#1197,#599,.T.);
#1452=EDGE_CURVE('',#1150,#1198,#600,.T.);
#1453=EDGE_CURVE('',#1198,#1195,#601,.T.);
#1454=EDGE_CURVE('',#1192,#1146,#602,.T.);
#1455=EDGE_CURVE('',#1180,#1178,#603,.T.);
#1456=EDGE_CURVE('',#1197,#1198,#604,.T.);
#1457=EDGE_CURVE('',#1144,#1149,#605,.T.);
#1458=EDGE_CURVE('',#1199,#1200,#606,.T.);
#1459=EDGE_CURVE('',#1200,#1201,#607,.T.);
#1460=EDGE_CURVE('',#1202,#1201,#608,.T.);
#1461=EDGE_CURVE('',#1199,#1202,#609,.T.);
#1462=EDGE_CURVE('',#1203,#1199,#610,.T.);
#1463=EDGE_CURVE('',#1204,#1202,#611,.T.);
#1464=EDGE_CURVE('',#1203,#1204,#612,.T.);
#1465=EDGE_CURVE('',#1119,#1203,#613,.T.);
#1466=EDGE_CURVE('',#1205,#1204,#614,.T.);
#1467=EDGE_CURVE('',#1206,#1205,#615,.T.);
#1468=EDGE_CURVE('',#1206,#1121,#616,.T.);
#1469=EDGE_CURVE('',#1200,#1206,#617,.T.);
#1470=EDGE_CURVE('',#1201,#1205,#618,.T.);
#1471=EDGE_CURVE('',#1207,#1207,#1099,.T.);
#1472=EDGE_CURVE('',#1207,#1208,#619,.T.);
#1473=EDGE_CURVE('',#1208,#1208,#1100,.T.);
#1474=EDGE_CURVE('',#1209,#1210,#620,.T.);
#1475=EDGE_CURVE('',#1209,#1211,#621,.T.);
#1476=EDGE_CURVE('',#1212,#1211,#622,.T.);
#1477=EDGE_CURVE('',#1210,#1212,#623,.T.);
#1478=EDGE_CURVE('',#1210,#1213,#624,.T.);
#1479=EDGE_CURVE('',#1214,#1212,#625,.T.);
#1480=EDGE_CURVE('',#1213,#1214,#626,.T.);
#1481=EDGE_CURVE('',#1213,#1215,#627,.T.);
#1482=EDGE_CURVE('',#1216,#1214,#628,.T.);
#1483=EDGE_CURVE('',#1215,#1216,#629,.T.);
#1484=EDGE_CURVE('',#1215,#1209,#630,.T.);
#1485=EDGE_CURVE('',#1211,#1216,#631,.T.);
#1486=EDGE_CURVE('',#1217,#1217,#1101,.T.);
#1487=EDGE_CURVE('',#1217,#1218,#632,.T.);
#1488=EDGE_CURVE('',#1218,#1218,#1102,.T.);
#1489=EDGE_CURVE('',#1219,#1220,#633,.T.);
#1490=EDGE_CURVE('',#1220,#1221,#634,.T.);
#1491=EDGE_CURVE('',#1222,#1221,#635,.T.);
#1492=EDGE_CURVE('',#1219,#1222,#636,.T.);
#1493=EDGE_CURVE('',#1223,#1219,#637,.T.);
#1494=EDGE_CURVE('',#1224,#1222,#638,.T.);
#1495=EDGE_CURVE('',#1223,#1224,#639,.T.);
#1496=EDGE_CURVE('',#1225,#1223,#640,.T.);
#1497=EDGE_CURVE('',#1226,#1224,#641,.T.);
#1498=EDGE_CURVE('',#1225,#1226,#642,.T.);
#1499=EDGE_CURVE('',#1220,#1225,#643,.T.);
#1500=EDGE_CURVE('',#1221,#1226,#644,.T.);
#1501=EDGE_CURVE('',#1227,#1227,#1103,.T.);
#1502=EDGE_CURVE('',#1227,#1228,#645,.T.);
#1503=EDGE_CURVE('',#1228,#1228,#1104,.T.);
#1504=EDGE_CURVE('',#1229,#1230,#646,.T.);
#1505=EDGE_CURVE('',#1229,#1231,#647,.T.);
#1506=EDGE_CURVE('',#1232,#1231,#648,.T.);
#1507=EDGE_CURVE('',#1230,#1232,#649,.T.);
#1508=EDGE_CURVE('',#1230,#1233,#650,.T.);
#1509=EDGE_CURVE('',#1234,#1232,#651,.T.);
#1510=EDGE_CURVE('',#1233,#1234,#652,.T.);
#1511=EDGE_CURVE('',#1233,#1235,#653,.T.);
#1512=EDGE_CURVE('',#1236,#1234,#654,.T.);
#1513=EDGE_CURVE('',#1235,#1236,#655,.T.);
#1514=EDGE_CURVE('',#1235,#1229,#656,.T.);
#1515=EDGE_CURVE('',#1231,#1236,#657,.T.);
#1516=EDGE_CURVE('',#1237,#1238,#658,.T.);
#1517=EDGE_CURVE('',#1239,#1237,#659,.T.);
#1518=EDGE_CURVE('',#1240,#1239,#660,.T.);
#1519=EDGE_CURVE('',#1240,#1238,#661,.T.);
#1520=EDGE_CURVE('',#1238,#1241,#662,.T.);
#1521=EDGE_CURVE('',#1242,#1240,#663,.T.);
#1522=EDGE_CURVE('',#1242,#1241,#664,.T.);
#1523=EDGE_CURVE('',#1241,#1243,#665,.T.);
#1524=EDGE_CURVE('',#1244,#1242,#666,.T.);
#1525=EDGE_CURVE('',#1244,#1243,#667,.T.);
#1526=EDGE_CURVE('',#1243,#1237,#668,.T.);
#1527=EDGE_CURVE('',#1239,#1244,#669,.T.);
#1528=EDGE_CURVE('',#1245,#1245,#1105,.T.);
#1529=EDGE_CURVE('',#1245,#1246,#670,.T.);
#1530=EDGE_CURVE('',#1246,#1246,#1106,.T.);
#1531=EDGE_CURVE('',#1247,#1247,#1107,.T.);
#1532=EDGE_CURVE('',#1247,#1248,#671,.T.);
#1533=EDGE_CURVE('',#1248,#1248,#1108,.T.);
#1534=EDGE_CURVE('',#1249,#1250,#672,.T.);
#1535=EDGE_CURVE('',#1251,#1249,#673,.T.);
#1536=EDGE_CURVE('',#1252,#1251,#674,.T.);
#1537=EDGE_CURVE('',#1252,#1250,#675,.T.);
#1538=EDGE_CURVE('',#1250,#1253,#676,.T.);
#1539=EDGE_CURVE('',#1254,#1252,#677,.T.);
#1540=EDGE_CURVE('',#1254,#1253,#678,.T.);
#1541=EDGE_CURVE('',#1253,#1255,#679,.T.);
#1542=EDGE_CURVE('',#1256,#1254,#680,.T.);
#1543=EDGE_CURVE('',#1256,#1255,#681,.T.);
#1544=EDGE_CURVE('',#1255,#1249,#682,.T.);
#1545=EDGE_CURVE('',#1251,#1256,#683,.T.);
#1546=EDGE_CURVE('',#1257,#1257,#1109,.T.);
#1547=EDGE_CURVE('',#1257,#1258,#684,.T.);
#1548=EDGE_CURVE('',#1258,#1258,#1110,.T.);
#1549=EDGE_CURVE('',#1259,#1259,#1111,.T.);
#1550=EDGE_CURVE('',#1259,#1260,#685,.T.);
#1551=EDGE_CURVE('',#1260,#1260,#1112,.T.);
#1552=EDGE_CURVE('',#1261,#1262,#686,.T.);
#1553=EDGE_CURVE('',#1263,#1261,#687,.T.);
#1554=EDGE_CURVE('',#1264,#1263,#688,.T.);
#1555=EDGE_CURVE('',#1264,#1262,#689,.T.);
#1556=EDGE_CURVE('',#1262,#1265,#690,.T.);
#1557=EDGE_CURVE('',#1266,#1264,#691,.T.);
#1558=EDGE_CURVE('',#1266,#1267,#692,.T.);
#1559=EDGE_CURVE('',#1267,#1268,#693,.T.);
#1560=EDGE_CURVE('',#1265,#1268,#694,.T.);
#1561=EDGE_CURVE('',#1269,#1261,#695,.T.);
#1562=EDGE_CURVE('',#1270,#1269,#696,.T.);
#1563=EDGE_CURVE('',#1270,#1271,#697,.T.);
#1564=EDGE_CURVE('',#1272,#1271,#698,.T.);
#1565=EDGE_CURVE('',#1263,#1272,#699,.T.);
#1566=EDGE_CURVE('',#1272,#1266,#700,.T.);
#1567=EDGE_CURVE('',#1271,#1267,#701,.T.);
#1568=EDGE_CURVE('',#1268,#1270,#702,.T.);
#1569=EDGE_CURVE('',#1265,#1273,#703,.T.);
#1570=EDGE_CURVE('',#1273,#1274,#704,.T.);
#1571=EDGE_CURVE('',#1274,#1275,#705,.T.);
#1572=EDGE_CURVE('',#1275,#1276,#706,.T.);
#1573=EDGE_CURVE('',#1276,#1269,#707,.T.);
#1574=EDGE_CURVE('',#1274,#1277,#708,.T.);
#1575=EDGE_CURVE('',#1278,#1277,#709,.T.);
#1576=EDGE_CURVE('',#1275,#1278,#710,.T.);
#1577=EDGE_CURVE('',#1279,#1278,#711,.T.);
#1578=EDGE_CURVE('',#1276,#1279,#712,.T.);
#1579=EDGE_CURVE('',#1280,#1279,#713,.T.);
#1580=EDGE_CURVE('',#1273,#1280,#714,.T.);
#1581=EDGE_CURVE('',#1277,#1280,#715,.T.);
#1582=EDGE_CURVE('',#1281,#1282,#716,.T.);
#1583=EDGE_CURVE('',#1281,#1283,#717,.T.);
#1584=EDGE_CURVE('',#1284,#1283,#718,.T.);
#1585=EDGE_CURVE('',#1282,#1284,#719,.T.);
#1586=EDGE_CURVE('',#1282,#1285,#720,.T.);
#1587=EDGE_CURVE('',#1286,#1284,#721,.T.);
#1588=EDGE_CURVE('',#1285,#1286,#722,.T.);
#1589=EDGE_CURVE('',#1285,#1287,#723,.T.);
#1590=EDGE_CURVE('',#1288,#1286,#724,.T.);
#1591=EDGE_CURVE('',#1287,#1288,#725,.T.);
#1592=EDGE_CURVE('',#1287,#1281,#726,.T.);
#1593=EDGE_CURVE('',#1283,#1288,#727,.T.);
#1594=EDGE_CURVE('',#1289,#1290,#728,.T.);
#1595=EDGE_CURVE('',#1290,#1291,#729,.T.);
#1596=EDGE_CURVE('',#1291,#1292,#730,.T.);
#1597=EDGE_CURVE('',#1292,#1289,#731,.T.);
#1598=EDGE_CURVE('',#1290,#1293,#732,.T.);
#1599=EDGE_CURVE('',#1289,#1294,#733,.T.);
#1600=EDGE_CURVE('',#1293,#1294,#734,.T.);
#1601=EDGE_CURVE('',#1291,#1295,#735,.T.);
#1602=EDGE_CURVE('',#1295,#1293,#736,.T.);
#1603=EDGE_CURVE('',#1292,#1296,#737,.T.);
#1604=EDGE_CURVE('',#1296,#1295,#738,.T.);
#1605=EDGE_CURVE('',#1294,#1296,#739,.T.);
#1606=EDGE_CURVE('',#1297,#1298,#740,.T.);
#1607=EDGE_CURVE('',#1297,#1299,#741,.T.);
#1608=EDGE_CURVE('',#1300,#1299,#742,.T.);
#1609=EDGE_CURVE('',#1298,#1300,#743,.T.);
#1610=EDGE_CURVE('',#1298,#1301,#744,.T.);
#1611=EDGE_CURVE('',#1302,#1300,#745,.T.);
#1612=EDGE_CURVE('',#1301,#1302,#746,.T.);
#1613=EDGE_CURVE('',#1301,#1303,#747,.T.);
#1614=EDGE_CURVE('',#1304,#1302,#748,.T.);
#1615=EDGE_CURVE('',#1303,#1304,#749,.T.);
#1616=EDGE_CURVE('',#1303,#1297,#750,.T.);
#1617=EDGE_CURVE('',#1299,#1304,#751,.T.);
#1618=EDGE_CURVE('',#1305,#1306,#752,.T.);
#1619=EDGE_CURVE('',#1305,#1307,#753,.T.);
#1620=EDGE_CURVE('',#1308,#1307,#754,.T.);
#1621=EDGE_CURVE('',#1306,#1308,#755,.T.);
#1622=EDGE_CURVE('',#1306,#1309,#756,.T.);
#1623=EDGE_CURVE('',#1310,#1308,#757,.T.);
#1624=EDGE_CURVE('',#1309,#1310,#758,.T.);
#1625=EDGE_CURVE('',#1309,#1311,#759,.T.);
#1626=EDGE_CURVE('',#1312,#1310,#760,.T.);
#1627=EDGE_CURVE('',#1311,#1312,#761,.T.);
#1628=EDGE_CURVE('',#1311,#1305,#762,.T.);
#1629=EDGE_CURVE('',#1307,#1312,#763,.T.);
#1630=EDGE_CURVE('',#1313,#1314,#764,.T.);
#1631=EDGE_CURVE('',#1313,#1315,#765,.T.);
#1632=EDGE_CURVE('',#1316,#1315,#766,.T.);
#1633=EDGE_CURVE('',#1314,#1316,#767,.T.);
#1634=EDGE_CURVE('',#1314,#1317,#768,.T.);
#1635=EDGE_CURVE('',#1318,#1316,#769,.T.);
#1636=EDGE_CURVE('',#1317,#1318,#770,.T.);
#1637=EDGE_CURVE('',#1317,#1319,#771,.T.);
#1638=EDGE_CURVE('',#1320,#1318,#772,.T.);
#1639=EDGE_CURVE('',#1319,#1320,#773,.T.);
#1640=EDGE_CURVE('',#1319,#1313,#774,.T.);
#1641=EDGE_CURVE('',#1315,#1320,#775,.T.);
#1642=EDGE_CURVE('',#1321,#1322,#776,.T.);
#1643=EDGE_CURVE('',#1321,#1323,#777,.T.);
#1644=EDGE_CURVE('',#1324,#1323,#778,.T.);
#1645=EDGE_CURVE('',#1322,#1324,#779,.T.);
#1646=EDGE_CURVE('',#1322,#1325,#780,.T.);
#1647=EDGE_CURVE('',#1326,#1324,#781,.T.);
#1648=EDGE_CURVE('',#1325,#1326,#782,.T.);
#1649=EDGE_CURVE('',#1325,#1327,#783,.T.);
#1650=EDGE_CURVE('',#1328,#1326,#784,.T.);
#1651=EDGE_CURVE('',#1327,#1328,#785,.T.);
#1652=EDGE_CURVE('',#1327,#1321,#786,.T.);
#1653=EDGE_CURVE('',#1323,#1328,#787,.T.);
#1654=ORIENTED_EDGE('',*,*,#1329,.F.);
#1655=ORIENTED_EDGE('',*,*,#1330,.T.);
#1656=ORIENTED_EDGE('',*,*,#1331,.F.);
#1657=ORIENTED_EDGE('',*,*,#1330,.F.);
#1658=ORIENTED_EDGE('',*,*,#1332,.F.);
#1659=ORIENTED_EDGE('',*,*,#1333,.T.);
#1660=ORIENTED_EDGE('',*,*,#1334,.F.);
#1661=ORIENTED_EDGE('',*,*,#1335,.F.);
#1662=ORIENTED_EDGE('',*,*,#1336,.F.);
#1663=ORIENTED_EDGE('',*,*,#1335,.T.);
#1664=ORIENTED_EDGE('',*,*,#1337,.F.);
#1665=ORIENTED_EDGE('',*,*,#1338,.F.);
#1666=ORIENTED_EDGE('',*,*,#1331,.T.);
#1667=ORIENTED_EDGE('',*,*,#1339,.F.);
#1668=ORIENTED_EDGE('',*,*,#1340,.T.);
#1669=ORIENTED_EDGE('',*,*,#1341,.F.);
#1670=ORIENTED_EDGE('',*,*,#1333,.F.);
#1671=ORIENTED_EDGE('',*,*,#1329,.T.);
#1672=ORIENTED_EDGE('',*,*,#1341,.T.);
#1673=ORIENTED_EDGE('',*,*,#1342,.T.);
#1674=ORIENTED_EDGE('',*,*,#1337,.T.);
#1675=ORIENTED_EDGE('',*,*,#1334,.T.);
#1676=ORIENTED_EDGE('',*,*,#1343,.F.);
#1677=ORIENTED_EDGE('',*,*,#1344,.T.);
#1678=ORIENTED_EDGE('',*,*,#1345,.F.);
#1679=ORIENTED_EDGE('',*,*,#1346,.F.);
#1680=ORIENTED_EDGE('',*,*,#1347,.F.);
#1681=ORIENTED_EDGE('',*,*,#1348,.T.);
#1682=ORIENTED_EDGE('',*,*,#1349,.F.);
#1683=ORIENTED_EDGE('',*,*,#1344,.F.);
#1684=ORIENTED_EDGE('',*,*,#1350,.F.);
#1685=ORIENTED_EDGE('',*,*,#1351,.T.);
#1686=ORIENTED_EDGE('',*,*,#1352,.F.);
#1687=ORIENTED_EDGE('',*,*,#1348,.F.);
#1688=ORIENTED_EDGE('',*,*,#1353,.F.);
#1689=ORIENTED_EDGE('',*,*,#1346,.T.);
#1690=ORIENTED_EDGE('',*,*,#1354,.F.);
#1691=ORIENTED_EDGE('',*,*,#1351,.F.);
#1692=ORIENTED_EDGE('',*,*,#1355,.F.);
#1693=ORIENTED_EDGE('',*,*,#1356,.T.);
#1694=ORIENTED_EDGE('',*,*,#1357,.F.);
#1695=ORIENTED_EDGE('',*,*,#1358,.F.);
#1696=ORIENTED_EDGE('',*,*,#1359,.F.);
#1697=ORIENTED_EDGE('',*,*,#1360,.T.);
#1698=ORIENTED_EDGE('',*,*,#1361,.F.);
#1699=ORIENTED_EDGE('',*,*,#1356,.F.);
#1700=ORIENTED_EDGE('',*,*,#1362,.F.);
#1701=ORIENTED_EDGE('',*,*,#1363,.T.);
#1702=ORIENTED_EDGE('',*,*,#1364,.F.);
#1703=ORIENTED_EDGE('',*,*,#1360,.F.);
#1704=ORIENTED_EDGE('',*,*,#1365,.F.);
#1705=ORIENTED_EDGE('',*,*,#1358,.T.);
#1706=ORIENTED_EDGE('',*,*,#1366,.F.);
#1707=ORIENTED_EDGE('',*,*,#1363,.F.);
#1708=ORIENTED_EDGE('',*,*,#1367,.F.);
#1709=ORIENTED_EDGE('',*,*,#1368,.F.);
#1710=ORIENTED_EDGE('',*,*,#1369,.F.);
#1711=ORIENTED_EDGE('',*,*,#1370,.F.);
#1712=ORIENTED_EDGE('',*,*,#1371,.T.);
#1713=ORIENTED_EDGE('',*,*,#1368,.T.);
#1714=ORIENTED_EDGE('',*,*,#1372,.F.);
#1715=ORIENTED_EDGE('',*,*,#1369,.T.);
#1716=ORIENTED_EDGE('',*,*,#1371,.F.);
#1717=ORIENTED_EDGE('',*,*,#1373,.F.);
#1718=ORIENTED_EDGE('',*,*,#1374,.T.);
#1719=ORIENTED_EDGE('',*,*,#1375,.F.);
#1720=ORIENTED_EDGE('',*,*,#1376,.F.);
#1721=ORIENTED_EDGE('',*,*,#1377,.F.);
#1722=ORIENTED_EDGE('',*,*,#1378,.T.);
#1723=ORIENTED_EDGE('',*,*,#1379,.F.);
#1724=ORIENTED_EDGE('',*,*,#1374,.F.);
#1725=ORIENTED_EDGE('',*,*,#1380,.F.);
#1726=ORIENTED_EDGE('',*,*,#1381,.T.);
#1727=ORIENTED_EDGE('',*,*,#1382,.F.);
#1728=ORIENTED_EDGE('',*,*,#1378,.F.);
#1729=ORIENTED_EDGE('',*,*,#1383,.F.);
#1730=ORIENTED_EDGE('',*,*,#1384,.T.);
#1731=ORIENTED_EDGE('',*,*,#1385,.F.);
#1732=ORIENTED_EDGE('',*,*,#1386,.F.);
#1733=ORIENTED_EDGE('',*,*,#1387,.F.);
#1734=ORIENTED_EDGE('',*,*,#1388,.T.);
#1735=ORIENTED_EDGE('',*,*,#1389,.F.);
#1736=ORIENTED_EDGE('',*,*,#1384,.F.);
#1737=ORIENTED_EDGE('',*,*,#1390,.F.);
#1738=ORIENTED_EDGE('',*,*,#1386,.T.);
#1739=ORIENTED_EDGE('',*,*,#1391,.F.);
#1740=ORIENTED_EDGE('',*,*,#1392,.F.);
#1741=ORIENTED_EDGE('',*,*,#1393,.T.);
#1742=ORIENTED_EDGE('',*,*,#1394,.T.);
#1743=ORIENTED_EDGE('',*,*,#1395,.F.);
#1744=ORIENTED_EDGE('',*,*,#1396,.F.);
#1745=ORIENTED_EDGE('',*,*,#1397,.T.);
#1746=ORIENTED_EDGE('',*,*,#1396,.T.);
#1747=ORIENTED_EDGE('',*,*,#1398,.F.);
#1748=ORIENTED_EDGE('',*,*,#1399,.F.);
#1749=ORIENTED_EDGE('',*,*,#1400,.T.);
#1750=ORIENTED_EDGE('',*,*,#1399,.T.);
#1751=ORIENTED_EDGE('',*,*,#1401,.F.);
#1752=ORIENTED_EDGE('',*,*,#1402,.F.);
#1753=ORIENTED_EDGE('',*,*,#1403,.T.);
#1754=ORIENTED_EDGE('',*,*,#1402,.T.);
#1755=ORIENTED_EDGE('',*,*,#1404,.F.);
#1756=ORIENTED_EDGE('',*,*,#1394,.F.);
#1757=ORIENTED_EDGE('',*,*,#1405,.F.);
#1758=ORIENTED_EDGE('',*,*,#1406,.F.);
#1759=ORIENTED_EDGE('',*,*,#1407,.F.);
#1760=ORIENTED_EDGE('',*,*,#1408,.F.);
#1761=ORIENTED_EDGE('',*,*,#1404,.T.);
#1762=ORIENTED_EDGE('',*,*,#1401,.T.);
#1763=ORIENTED_EDGE('',*,*,#1398,.T.);
#1764=ORIENTED_EDGE('',*,*,#1395,.T.);
#1765=ORIENTED_EDGE('',*,*,#1409,.F.);
#1766=ORIENTED_EDGE('',*,*,#1410,.F.);
#1767=ORIENTED_EDGE('',*,*,#1411,.F.);
#1768=ORIENTED_EDGE('',*,*,#1412,.F.);
#1769=ORIENTED_EDGE('',*,*,#1403,.F.);
#1770=ORIENTED_EDGE('',*,*,#1393,.F.);
#1771=ORIENTED_EDGE('',*,*,#1397,.F.);
#1772=ORIENTED_EDGE('',*,*,#1400,.F.);
#1773=ORIENTED_EDGE('',*,*,#1408,.T.);
#1774=ORIENTED_EDGE('',*,*,#1413,.T.);
#1775=ORIENTED_EDGE('',*,*,#1388,.F.);
#1776=ORIENTED_EDGE('',*,*,#1414,.F.);
#1777=ORIENTED_EDGE('',*,*,#1392,.T.);
#1778=ORIENTED_EDGE('',*,*,#1415,.T.);
#1779=ORIENTED_EDGE('',*,*,#1416,.T.);
#1780=ORIENTED_EDGE('',*,*,#1417,.F.);
#1781=ORIENTED_EDGE('',*,*,#1410,.T.);
#1782=ORIENTED_EDGE('',*,*,#1418,.F.);
#1783=ORIENTED_EDGE('',*,*,#1419,.F.);
#1784=ORIENTED_EDGE('',*,*,#1420,.T.);
#1785=ORIENTED_EDGE('',*,*,#1389,.T.);
#1786=ORIENTED_EDGE('',*,*,#1413,.F.);
#1787=ORIENTED_EDGE('',*,*,#1407,.T.);
#1788=ORIENTED_EDGE('',*,*,#1421,.T.);
#1789=ORIENTED_EDGE('',*,*,#1422,.T.);
#1790=ORIENTED_EDGE('',*,*,#1415,.F.);
#1791=ORIENTED_EDGE('',*,*,#1391,.T.);
#1792=ORIENTED_EDGE('',*,*,#1385,.T.);
#1793=ORIENTED_EDGE('',*,*,#1412,.T.);
#1794=ORIENTED_EDGE('',*,*,#1423,.F.);
#1795=ORIENTED_EDGE('',*,*,#1424,.F.);
#1796=ORIENTED_EDGE('',*,*,#1425,.T.);
#1797=ORIENTED_EDGE('',*,*,#1406,.T.);
#1798=ORIENTED_EDGE('',*,*,#1426,.T.);
#1799=ORIENTED_EDGE('',*,*,#1427,.T.);
#1800=ORIENTED_EDGE('',*,*,#1421,.F.);
#1801=ORIENTED_EDGE('',*,*,#1357,.T.);
#1802=ORIENTED_EDGE('',*,*,#1361,.T.);
#1803=ORIENTED_EDGE('',*,*,#1364,.T.);
#1804=ORIENTED_EDGE('',*,*,#1366,.T.);
#1805=ORIENTED_EDGE('',*,*,#1405,.T.);
#1806=ORIENTED_EDGE('',*,*,#1417,.T.);
#1807=ORIENTED_EDGE('',*,*,#1428,.T.);
#1808=ORIENTED_EDGE('',*,*,#1426,.F.);
#1809=ORIENTED_EDGE('',*,*,#1409,.T.);
#1810=ORIENTED_EDGE('',*,*,#1425,.F.);
#1811=ORIENTED_EDGE('',*,*,#1429,.F.);
#1812=ORIENTED_EDGE('',*,*,#1418,.T.);
#1813=ORIENTED_EDGE('',*,*,#1430,.T.);
#1814=ORIENTED_EDGE('',*,*,#1431,.T.);
#1815=ORIENTED_EDGE('',*,*,#1432,.F.);
#1816=ORIENTED_EDGE('',*,*,#1433,.F.);
#1817=ORIENTED_EDGE('',*,*,#1434,.T.);
#1818=ORIENTED_EDGE('',*,*,#1433,.T.);
#1819=ORIENTED_EDGE('',*,*,#1435,.F.);
#1820=ORIENTED_EDGE('',*,*,#1436,.F.);
#1821=ORIENTED_EDGE('',*,*,#1437,.T.);
#1822=ORIENTED_EDGE('',*,*,#1436,.T.);
#1823=ORIENTED_EDGE('',*,*,#1438,.F.);
#1824=ORIENTED_EDGE('',*,*,#1439,.F.);
#1825=ORIENTED_EDGE('',*,*,#1440,.T.);
#1826=ORIENTED_EDGE('',*,*,#1439,.T.);
#1827=ORIENTED_EDGE('',*,*,#1441,.F.);
#1828=ORIENTED_EDGE('',*,*,#1431,.F.);
#1829=ORIENTED_EDGE('',*,*,#1422,.F.);
#1830=ORIENTED_EDGE('',*,*,#1427,.F.);
#1831=ORIENTED_EDGE('',*,*,#1428,.F.);
#1832=ORIENTED_EDGE('',*,*,#1416,.F.);
#1833=ORIENTED_EDGE('',*,*,#1441,.T.);
#1834=ORIENTED_EDGE('',*,*,#1438,.T.);
#1835=ORIENTED_EDGE('',*,*,#1435,.T.);
#1836=ORIENTED_EDGE('',*,*,#1432,.T.);
#1837=ORIENTED_EDGE('',*,*,#1442,.F.);
#1838=ORIENTED_EDGE('',*,*,#1443,.F.);
#1839=ORIENTED_EDGE('',*,*,#1444,.F.);
#1840=ORIENTED_EDGE('',*,*,#1445,.F.);
#1841=ORIENTED_EDGE('',*,*,#1440,.F.);
#1842=ORIENTED_EDGE('',*,*,#1430,.F.);
#1843=ORIENTED_EDGE('',*,*,#1434,.F.);
#1844=ORIENTED_EDGE('',*,*,#1437,.F.);
#1845=ORIENTED_EDGE('',*,*,#1443,.T.);
#1846=ORIENTED_EDGE('',*,*,#1446,.T.);
#1847=ORIENTED_EDGE('',*,*,#1447,.T.);
#1848=ORIENTED_EDGE('',*,*,#1448,.F.);
#1849=ORIENTED_EDGE('',*,*,#1372,.T.);
#1850=ORIENTED_EDGE('',*,*,#1449,.F.);
#1851=ORIENTED_EDGE('',*,*,#1444,.T.);
#1852=ORIENTED_EDGE('',*,*,#1448,.T.);
#1853=ORIENTED_EDGE('',*,*,#1450,.T.);
#1854=ORIENTED_EDGE('',*,*,#1451,.F.);
#1855=ORIENTED_EDGE('',*,*,#1382,.T.);
#1856=ORIENTED_EDGE('',*,*,#1452,.T.);
#1857=ORIENTED_EDGE('',*,*,#1453,.T.);
#1858=ORIENTED_EDGE('',*,*,#1446,.F.);
#1859=ORIENTED_EDGE('',*,*,#1442,.T.);
#1860=ORIENTED_EDGE('',*,*,#1454,.T.);
#1861=ORIENTED_EDGE('',*,*,#1375,.T.);
#1862=ORIENTED_EDGE('',*,*,#1379,.T.);
#1863=ORIENTED_EDGE('',*,*,#1411,.T.);
#1864=ORIENTED_EDGE('',*,*,#1420,.F.);
#1865=ORIENTED_EDGE('',*,*,#1455,.F.);
#1866=ORIENTED_EDGE('',*,*,#1423,.T.);
#1867=ORIENTED_EDGE('',*,*,#1445,.T.);
#1868=ORIENTED_EDGE('',*,*,#1449,.T.);
#1869=ORIENTED_EDGE('',*,*,#1367,.T.);
#1870=ORIENTED_EDGE('',*,*,#1451,.T.);
#1871=ORIENTED_EDGE('',*,*,#1456,.T.);
#1872=ORIENTED_EDGE('',*,*,#1452,.F.);
#1873=ORIENTED_EDGE('',*,*,#1381,.F.);
#1874=ORIENTED_EDGE('',*,*,#1457,.F.);
#1875=ORIENTED_EDGE('',*,*,#1376,.T.);
#1876=ORIENTED_EDGE('',*,*,#1454,.F.);
#1877=ORIENTED_EDGE('',*,*,#1450,.F.);
#1878=ORIENTED_EDGE('',*,*,#1447,.F.);
#1879=ORIENTED_EDGE('',*,*,#1453,.F.);
#1880=ORIENTED_EDGE('',*,*,#1456,.F.);
#1881=ORIENTED_EDGE('',*,*,#1343,.T.);
#1882=ORIENTED_EDGE('',*,*,#1353,.T.);
#1883=ORIENTED_EDGE('',*,*,#1350,.T.);
#1884=ORIENTED_EDGE('',*,*,#1347,.T.);
#1885=ORIENTED_EDGE('',*,*,#1458,.T.);
#1886=ORIENTED_EDGE('',*,*,#1459,.T.);
#1887=ORIENTED_EDGE('',*,*,#1460,.F.);
#1888=ORIENTED_EDGE('',*,*,#1461,.F.);
#1889=ORIENTED_EDGE('',*,*,#1355,.T.);
#1890=ORIENTED_EDGE('',*,*,#1365,.T.);
#1891=ORIENTED_EDGE('',*,*,#1362,.T.);
#1892=ORIENTED_EDGE('',*,*,#1359,.T.);
#1893=ORIENTED_EDGE('',*,*,#1462,.T.);
#1894=ORIENTED_EDGE('',*,*,#1461,.T.);
#1895=ORIENTED_EDGE('',*,*,#1463,.F.);
#1896=ORIENTED_EDGE('',*,*,#1464,.F.);
#1897=ORIENTED_EDGE('',*,*,#1373,.T.);
#1898=ORIENTED_EDGE('',*,*,#1457,.T.);
#1899=ORIENTED_EDGE('',*,*,#1380,.T.);
#1900=ORIENTED_EDGE('',*,*,#1377,.T.);
#1901=ORIENTED_EDGE('',*,*,#1383,.T.);
#1902=ORIENTED_EDGE('',*,*,#1390,.T.);
#1903=ORIENTED_EDGE('',*,*,#1414,.T.);
#1904=ORIENTED_EDGE('',*,*,#1387,.T.);
#1905=ORIENTED_EDGE('',*,*,#1336,.T.);
#1906=ORIENTED_EDGE('',*,*,#1465,.T.);
#1907=ORIENTED_EDGE('',*,*,#1464,.T.);
#1908=ORIENTED_EDGE('',*,*,#1466,.F.);
#1909=ORIENTED_EDGE('',*,*,#1467,.F.);
#1910=ORIENTED_EDGE('',*,*,#1468,.T.);
#1911=ORIENTED_EDGE('',*,*,#1339,.T.);
#1912=ORIENTED_EDGE('',*,*,#1332,.T.);
#1913=ORIENTED_EDGE('',*,*,#1469,.T.);
#1914=ORIENTED_EDGE('',*,*,#1467,.T.);
#1915=ORIENTED_EDGE('',*,*,#1470,.F.);
#1916=ORIENTED_EDGE('',*,*,#1459,.F.);
#1917=ORIENTED_EDGE('',*,*,#1370,.T.);
#1918=ORIENTED_EDGE('',*,*,#1470,.T.);
#1919=ORIENTED_EDGE('',*,*,#1466,.T.);
#1920=ORIENTED_EDGE('',*,*,#1463,.T.);
#1921=ORIENTED_EDGE('',*,*,#1460,.T.);
#1922=ORIENTED_EDGE('',*,*,#1419,.T.);
#1923=ORIENTED_EDGE('',*,*,#1429,.T.);
#1924=ORIENTED_EDGE('',*,*,#1424,.T.);
#1925=ORIENTED_EDGE('',*,*,#1455,.T.);
#1926=ORIENTED_EDGE('',*,*,#1469,.F.);
#1927=ORIENTED_EDGE('',*,*,#1458,.F.);
#1928=ORIENTED_EDGE('',*,*,#1462,.F.);
#1929=ORIENTED_EDGE('',*,*,#1465,.F.);
#1930=ORIENTED_EDGE('',*,*,#1338,.T.);
#1931=ORIENTED_EDGE('',*,*,#1342,.F.);
#1932=ORIENTED_EDGE('',*,*,#1340,.F.);
#1933=ORIENTED_EDGE('',*,*,#1468,.F.);
#1934=ORIENTED_EDGE('',*,*,#1345,.T.);
#1935=ORIENTED_EDGE('',*,*,#1349,.T.);
#1936=ORIENTED_EDGE('',*,*,#1352,.T.);
#1937=ORIENTED_EDGE('',*,*,#1354,.T.);
#1938=ORIENTED_EDGE('',*,*,#1471,.F.);
#1939=ORIENTED_EDGE('',*,*,#1472,.T.);
#1940=ORIENTED_EDGE('',*,*,#1473,.F.);
#1941=ORIENTED_EDGE('',*,*,#1472,.F.);
#1942=ORIENTED_EDGE('',*,*,#1474,.F.);
#1943=ORIENTED_EDGE('',*,*,#1475,.T.);
#1944=ORIENTED_EDGE('',*,*,#1476,.F.);
#1945=ORIENTED_EDGE('',*,*,#1477,.F.);
#1946=ORIENTED_EDGE('',*,*,#1471,.T.);
#1947=ORIENTED_EDGE('',*,*,#1478,.F.);
#1948=ORIENTED_EDGE('',*,*,#1477,.T.);
#1949=ORIENTED_EDGE('',*,*,#1479,.F.);
#1950=ORIENTED_EDGE('',*,*,#1480,.F.);
#1951=ORIENTED_EDGE('',*,*,#1481,.F.);
#1952=ORIENTED_EDGE('',*,*,#1480,.T.);
#1953=ORIENTED_EDGE('',*,*,#1482,.F.);
#1954=ORIENTED_EDGE('',*,*,#1483,.F.);
#1955=ORIENTED_EDGE('',*,*,#1473,.T.);
#1956=ORIENTED_EDGE('',*,*,#1484,.F.);
#1957=ORIENTED_EDGE('',*,*,#1483,.T.);
#1958=ORIENTED_EDGE('',*,*,#1485,.F.);
#1959=ORIENTED_EDGE('',*,*,#1475,.F.);
#1960=ORIENTED_EDGE('',*,*,#1485,.T.);
#1961=ORIENTED_EDGE('',*,*,#1482,.T.);
#1962=ORIENTED_EDGE('',*,*,#1479,.T.);
#1963=ORIENTED_EDGE('',*,*,#1476,.T.);
#1964=ORIENTED_EDGE('',*,*,#1484,.T.);
#1965=ORIENTED_EDGE('',*,*,#1474,.T.);
#1966=ORIENTED_EDGE('',*,*,#1478,.T.);
#1967=ORIENTED_EDGE('',*,*,#1481,.T.);
#1968=ORIENTED_EDGE('',*,*,#1486,.F.);
#1969=ORIENTED_EDGE('',*,*,#1487,.T.);
#1970=ORIENTED_EDGE('',*,*,#1488,.F.);
#1971=ORIENTED_EDGE('',*,*,#1487,.F.);
#1972=ORIENTED_EDGE('',*,*,#1489,.T.);
#1973=ORIENTED_EDGE('',*,*,#1490,.T.);
#1974=ORIENTED_EDGE('',*,*,#1491,.F.);
#1975=ORIENTED_EDGE('',*,*,#1492,.F.);
#1976=ORIENTED_EDGE('',*,*,#1493,.T.);
#1977=ORIENTED_EDGE('',*,*,#1492,.T.);
#1978=ORIENTED_EDGE('',*,*,#1494,.F.);
#1979=ORIENTED_EDGE('',*,*,#1495,.F.);
#1980=ORIENTED_EDGE('',*,*,#1488,.T.);
#1981=ORIENTED_EDGE('',*,*,#1496,.T.);
#1982=ORIENTED_EDGE('',*,*,#1495,.T.);
#1983=ORIENTED_EDGE('',*,*,#1497,.F.);
#1984=ORIENTED_EDGE('',*,*,#1498,.F.);
#1985=ORIENTED_EDGE('',*,*,#1499,.T.);
#1986=ORIENTED_EDGE('',*,*,#1498,.T.);
#1987=ORIENTED_EDGE('',*,*,#1500,.F.);
#1988=ORIENTED_EDGE('',*,*,#1490,.F.);
#1989=ORIENTED_EDGE('',*,*,#1486,.T.);
#1990=ORIENTED_EDGE('',*,*,#1500,.T.);
#1991=ORIENTED_EDGE('',*,*,#1497,.T.);
#1992=ORIENTED_EDGE('',*,*,#1494,.T.);
#1993=ORIENTED_EDGE('',*,*,#1491,.T.);
#1994=ORIENTED_EDGE('',*,*,#1499,.F.);
#1995=ORIENTED_EDGE('',*,*,#1489,.F.);
#1996=ORIENTED_EDGE('',*,*,#1493,.F.);
#1997=ORIENTED_EDGE('',*,*,#1496,.F.);
#1998=ORIENTED_EDGE('',*,*,#1501,.F.);
#1999=ORIENTED_EDGE('',*,*,#1502,.T.);
#2000=ORIENTED_EDGE('',*,*,#1503,.F.);
#2001=ORIENTED_EDGE('',*,*,#1502,.F.);
#2002=ORIENTED_EDGE('',*,*,#1504,.F.);
#2003=ORIENTED_EDGE('',*,*,#1505,.T.);
#2004=ORIENTED_EDGE('',*,*,#1506,.F.);
#2005=ORIENTED_EDGE('',*,*,#1507,.F.);
#2006=ORIENTED_EDGE('',*,*,#1501,.T.);
#2007=ORIENTED_EDGE('',*,*,#1508,.F.);
#2008=ORIENTED_EDGE('',*,*,#1507,.T.);
#2009=ORIENTED_EDGE('',*,*,#1509,.F.);
#2010=ORIENTED_EDGE('',*,*,#1510,.F.);
#2011=ORIENTED_EDGE('',*,*,#1511,.F.);
#2012=ORIENTED_EDGE('',*,*,#1510,.T.);
#2013=ORIENTED_EDGE('',*,*,#1512,.F.);
#2014=ORIENTED_EDGE('',*,*,#1513,.F.);
#2015=ORIENTED_EDGE('',*,*,#1503,.T.);
#2016=ORIENTED_EDGE('',*,*,#1514,.F.);
#2017=ORIENTED_EDGE('',*,*,#1513,.T.);
#2018=ORIENTED_EDGE('',*,*,#1515,.F.);
#2019=ORIENTED_EDGE('',*,*,#1505,.F.);
#2020=ORIENTED_EDGE('',*,*,#1515,.T.);
#2021=ORIENTED_EDGE('',*,*,#1512,.T.);
#2022=ORIENTED_EDGE('',*,*,#1509,.T.);
#2023=ORIENTED_EDGE('',*,*,#1506,.T.);
#2024=ORIENTED_EDGE('',*,*,#1514,.T.);
#2025=ORIENTED_EDGE('',*,*,#1504,.T.);
#2026=ORIENTED_EDGE('',*,*,#1508,.T.);
#2027=ORIENTED_EDGE('',*,*,#1511,.T.);
#2028=ORIENTED_EDGE('',*,*,#1516,.F.);
#2029=ORIENTED_EDGE('',*,*,#1517,.F.);
#2030=ORIENTED_EDGE('',*,*,#1518,.F.);
#2031=ORIENTED_EDGE('',*,*,#1519,.T.);
#2032=ORIENTED_EDGE('',*,*,#1520,.F.);
#2033=ORIENTED_EDGE('',*,*,#1519,.F.);
#2034=ORIENTED_EDGE('',*,*,#1521,.F.);
#2035=ORIENTED_EDGE('',*,*,#1522,.T.);
#2036=ORIENTED_EDGE('',*,*,#1523,.F.);
#2037=ORIENTED_EDGE('',*,*,#1522,.F.);
#2038=ORIENTED_EDGE('',*,*,#1524,.F.);
#2039=ORIENTED_EDGE('',*,*,#1525,.T.);
#2040=ORIENTED_EDGE('',*,*,#1526,.F.);
#2041=ORIENTED_EDGE('',*,*,#1525,.F.);
#2042=ORIENTED_EDGE('',*,*,#1527,.F.);
#2043=ORIENTED_EDGE('',*,*,#1517,.T.);
#2044=ORIENTED_EDGE('',*,*,#1528,.F.);
#2045=ORIENTED_EDGE('',*,*,#1529,.T.);
#2046=ORIENTED_EDGE('',*,*,#1530,.F.);
#2047=ORIENTED_EDGE('',*,*,#1529,.F.);
#2048=ORIENTED_EDGE('',*,*,#1531,.F.);
#2049=ORIENTED_EDGE('',*,*,#1532,.T.);
#2050=ORIENTED_EDGE('',*,*,#1533,.F.);
#2051=ORIENTED_EDGE('',*,*,#1532,.F.);
#2052=ORIENTED_EDGE('',*,*,#1534,.F.);
#2053=ORIENTED_EDGE('',*,*,#1535,.F.);
#2054=ORIENTED_EDGE('',*,*,#1536,.F.);
#2055=ORIENTED_EDGE('',*,*,#1537,.T.);
#2056=ORIENTED_EDGE('',*,*,#1538,.F.);
#2057=ORIENTED_EDGE('',*,*,#1537,.F.);
#2058=ORIENTED_EDGE('',*,*,#1539,.F.);
#2059=ORIENTED_EDGE('',*,*,#1540,.T.);
#2060=ORIENTED_EDGE('',*,*,#1541,.F.);
#2061=ORIENTED_EDGE('',*,*,#1540,.F.);
#2062=ORIENTED_EDGE('',*,*,#1542,.F.);
#2063=ORIENTED_EDGE('',*,*,#1543,.T.);
#2064=ORIENTED_EDGE('',*,*,#1544,.F.);
#2065=ORIENTED_EDGE('',*,*,#1543,.F.);
#2066=ORIENTED_EDGE('',*,*,#1545,.F.);
#2067=ORIENTED_EDGE('',*,*,#1535,.T.);
#2068=ORIENTED_EDGE('',*,*,#1546,.F.);
#2069=ORIENTED_EDGE('',*,*,#1547,.T.);
#2070=ORIENTED_EDGE('',*,*,#1548,.F.);
#2071=ORIENTED_EDGE('',*,*,#1547,.F.);
#2072=ORIENTED_EDGE('',*,*,#1549,.F.);
#2073=ORIENTED_EDGE('',*,*,#1550,.T.);
#2074=ORIENTED_EDGE('',*,*,#1551,.F.);
#2075=ORIENTED_EDGE('',*,*,#1550,.F.);
#2076=ORIENTED_EDGE('',*,*,#1552,.F.);
#2077=ORIENTED_EDGE('',*,*,#1553,.F.);
#2078=ORIENTED_EDGE('',*,*,#1554,.F.);
#2079=ORIENTED_EDGE('',*,*,#1555,.T.);
#2080=ORIENTED_EDGE('',*,*,#1556,.F.);
#2081=ORIENTED_EDGE('',*,*,#1555,.F.);
#2082=ORIENTED_EDGE('',*,*,#1557,.F.);
#2083=ORIENTED_EDGE('',*,*,#1558,.T.);
#2084=ORIENTED_EDGE('',*,*,#1559,.T.);
#2085=ORIENTED_EDGE('',*,*,#1560,.F.);
#2086=ORIENTED_EDGE('',*,*,#1561,.F.);
#2087=ORIENTED_EDGE('',*,*,#1562,.F.);
#2088=ORIENTED_EDGE('',*,*,#1563,.T.);
#2089=ORIENTED_EDGE('',*,*,#1564,.F.);
#2090=ORIENTED_EDGE('',*,*,#1565,.F.);
#2091=ORIENTED_EDGE('',*,*,#1553,.T.);
#2092=ORIENTED_EDGE('',*,*,#1566,.F.);
#2093=ORIENTED_EDGE('',*,*,#1564,.T.);
#2094=ORIENTED_EDGE('',*,*,#1567,.T.);
#2095=ORIENTED_EDGE('',*,*,#1558,.F.);
#2096=ORIENTED_EDGE('',*,*,#1568,.F.);
#2097=ORIENTED_EDGE('',*,*,#1559,.F.);
#2098=ORIENTED_EDGE('',*,*,#1567,.F.);
#2099=ORIENTED_EDGE('',*,*,#1563,.F.);
#2100=ORIENTED_EDGE('',*,*,#1561,.T.);
#2101=ORIENTED_EDGE('',*,*,#1552,.T.);
#2102=ORIENTED_EDGE('',*,*,#1556,.T.);
#2103=ORIENTED_EDGE('',*,*,#1569,.T.);
#2104=ORIENTED_EDGE('',*,*,#1570,.T.);
#2105=ORIENTED_EDGE('',*,*,#1571,.T.);
#2106=ORIENTED_EDGE('',*,*,#1572,.T.);
#2107=ORIENTED_EDGE('',*,*,#1573,.T.);
#2108=ORIENTED_EDGE('',*,*,#1551,.T.);
#2109=ORIENTED_EDGE('',*,*,#1548,.T.);
#2110=ORIENTED_EDGE('',*,*,#1541,.T.);
#2111=ORIENTED_EDGE('',*,*,#1544,.T.);
#2112=ORIENTED_EDGE('',*,*,#1534,.T.);
#2113=ORIENTED_EDGE('',*,*,#1538,.T.);
#2114=ORIENTED_EDGE('',*,*,#1533,.T.);
#2115=ORIENTED_EDGE('',*,*,#1530,.T.);
#2116=ORIENTED_EDGE('',*,*,#1523,.T.);
#2117=ORIENTED_EDGE('',*,*,#1526,.T.);
#2118=ORIENTED_EDGE('',*,*,#1516,.T.);
#2119=ORIENTED_EDGE('',*,*,#1520,.T.);
#2120=ORIENTED_EDGE('',*,*,#1571,.F.);
#2121=ORIENTED_EDGE('',*,*,#1574,.T.);
#2122=ORIENTED_EDGE('',*,*,#1575,.F.);
#2123=ORIENTED_EDGE('',*,*,#1576,.F.);
#2124=ORIENTED_EDGE('',*,*,#1572,.F.);
#2125=ORIENTED_EDGE('',*,*,#1576,.T.);
#2126=ORIENTED_EDGE('',*,*,#1577,.F.);
#2127=ORIENTED_EDGE('',*,*,#1578,.F.);
#2128=ORIENTED_EDGE('',*,*,#1562,.T.);
#2129=ORIENTED_EDGE('',*,*,#1573,.F.);
#2130=ORIENTED_EDGE('',*,*,#1578,.T.);
#2131=ORIENTED_EDGE('',*,*,#1579,.F.);
#2132=ORIENTED_EDGE('',*,*,#1580,.F.);
#2133=ORIENTED_EDGE('',*,*,#1569,.F.);
#2134=ORIENTED_EDGE('',*,*,#1560,.T.);
#2135=ORIENTED_EDGE('',*,*,#1568,.T.);
#2136=ORIENTED_EDGE('',*,*,#1570,.F.);
#2137=ORIENTED_EDGE('',*,*,#1580,.T.);
#2138=ORIENTED_EDGE('',*,*,#1581,.F.);
#2139=ORIENTED_EDGE('',*,*,#1574,.F.);
#2140=ORIENTED_EDGE('',*,*,#1582,.F.);
#2141=ORIENTED_EDGE('',*,*,#1583,.T.);
#2142=ORIENTED_EDGE('',*,*,#1584,.F.);
#2143=ORIENTED_EDGE('',*,*,#1585,.F.);
#2144=ORIENTED_EDGE('',*,*,#1586,.F.);
#2145=ORIENTED_EDGE('',*,*,#1585,.T.);
#2146=ORIENTED_EDGE('',*,*,#1587,.F.);
#2147=ORIENTED_EDGE('',*,*,#1588,.F.);
#2148=ORIENTED_EDGE('',*,*,#1589,.F.);
#2149=ORIENTED_EDGE('',*,*,#1588,.T.);
#2150=ORIENTED_EDGE('',*,*,#1590,.F.);
#2151=ORIENTED_EDGE('',*,*,#1591,.F.);
#2152=ORIENTED_EDGE('',*,*,#1592,.F.);
#2153=ORIENTED_EDGE('',*,*,#1591,.T.);
#2154=ORIENTED_EDGE('',*,*,#1593,.F.);
#2155=ORIENTED_EDGE('',*,*,#1583,.F.);
#2156=ORIENTED_EDGE('',*,*,#1593,.T.);
#2157=ORIENTED_EDGE('',*,*,#1590,.T.);
#2158=ORIENTED_EDGE('',*,*,#1587,.T.);
#2159=ORIENTED_EDGE('',*,*,#1584,.T.);
#2160=ORIENTED_EDGE('',*,*,#1581,.T.);
#2161=ORIENTED_EDGE('',*,*,#1579,.T.);
#2162=ORIENTED_EDGE('',*,*,#1577,.T.);
#2163=ORIENTED_EDGE('',*,*,#1575,.T.);
#2164=ORIENTED_EDGE('',*,*,#1594,.T.);
#2165=ORIENTED_EDGE('',*,*,#1595,.T.);
#2166=ORIENTED_EDGE('',*,*,#1596,.T.);
#2167=ORIENTED_EDGE('',*,*,#1597,.T.);
#2168=ORIENTED_EDGE('',*,*,#1582,.T.);
#2169=ORIENTED_EDGE('',*,*,#1586,.T.);
#2170=ORIENTED_EDGE('',*,*,#1589,.T.);
#2171=ORIENTED_EDGE('',*,*,#1592,.T.);
#2172=ORIENTED_EDGE('',*,*,#1598,.F.);
#2173=ORIENTED_EDGE('',*,*,#1594,.F.);
#2174=ORIENTED_EDGE('',*,*,#1599,.T.);
#2175=ORIENTED_EDGE('',*,*,#1600,.F.);
#2176=ORIENTED_EDGE('',*,*,#1601,.F.);
#2177=ORIENTED_EDGE('',*,*,#1595,.F.);
#2178=ORIENTED_EDGE('',*,*,#1598,.T.);
#2179=ORIENTED_EDGE('',*,*,#1602,.F.);
#2180=ORIENTED_EDGE('',*,*,#1603,.F.);
#2181=ORIENTED_EDGE('',*,*,#1596,.F.);
#2182=ORIENTED_EDGE('',*,*,#1601,.T.);
#2183=ORIENTED_EDGE('',*,*,#1604,.F.);
#2184=ORIENTED_EDGE('',*,*,#1599,.F.);
#2185=ORIENTED_EDGE('',*,*,#1597,.F.);
#2186=ORIENTED_EDGE('',*,*,#1603,.T.);
#2187=ORIENTED_EDGE('',*,*,#1605,.F.);
#2188=ORIENTED_EDGE('',*,*,#1600,.T.);
#2189=ORIENTED_EDGE('',*,*,#1605,.T.);
#2190=ORIENTED_EDGE('',*,*,#1604,.T.);
#2191=ORIENTED_EDGE('',*,*,#1602,.T.);
#2192=ORIENTED_EDGE('',*,*,#1565,.T.);
#2193=ORIENTED_EDGE('',*,*,#1566,.T.);
#2194=ORIENTED_EDGE('',*,*,#1557,.T.);
#2195=ORIENTED_EDGE('',*,*,#1554,.T.);
#2196=ORIENTED_EDGE('',*,*,#1549,.T.);
#2197=ORIENTED_EDGE('',*,*,#1546,.T.);
#2198=ORIENTED_EDGE('',*,*,#1542,.T.);
#2199=ORIENTED_EDGE('',*,*,#1539,.T.);
#2200=ORIENTED_EDGE('',*,*,#1536,.T.);
#2201=ORIENTED_EDGE('',*,*,#1545,.T.);
#2202=ORIENTED_EDGE('',*,*,#1531,.T.);
#2203=ORIENTED_EDGE('',*,*,#1528,.T.);
#2204=ORIENTED_EDGE('',*,*,#1524,.T.);
#2205=ORIENTED_EDGE('',*,*,#1521,.T.);
#2206=ORIENTED_EDGE('',*,*,#1518,.T.);
#2207=ORIENTED_EDGE('',*,*,#1527,.T.);
#2208=ORIENTED_EDGE('',*,*,#1606,.F.);
#2209=ORIENTED_EDGE('',*,*,#1607,.T.);
#2210=ORIENTED_EDGE('',*,*,#1608,.F.);
#2211=ORIENTED_EDGE('',*,*,#1609,.F.);
#2212=ORIENTED_EDGE('',*,*,#1610,.F.);
#2213=ORIENTED_EDGE('',*,*,#1609,.T.);
#2214=ORIENTED_EDGE('',*,*,#1611,.F.);
#2215=ORIENTED_EDGE('',*,*,#1612,.F.);
#2216=ORIENTED_EDGE('',*,*,#1613,.F.);
#2217=ORIENTED_EDGE('',*,*,#1612,.T.);
#2218=ORIENTED_EDGE('',*,*,#1614,.F.);
#2219=ORIENTED_EDGE('',*,*,#1615,.F.);
#2220=ORIENTED_EDGE('',*,*,#1616,.F.);
#2221=ORIENTED_EDGE('',*,*,#1615,.T.);
#2222=ORIENTED_EDGE('',*,*,#1617,.F.);
#2223=ORIENTED_EDGE('',*,*,#1607,.F.);
#2224=ORIENTED_EDGE('',*,*,#1618,.F.);
#2225=ORIENTED_EDGE('',*,*,#1619,.T.);
#2226=ORIENTED_EDGE('',*,*,#1620,.F.);
#2227=ORIENTED_EDGE('',*,*,#1621,.F.);
#2228=ORIENTED_EDGE('',*,*,#1622,.F.);
#2229=ORIENTED_EDGE('',*,*,#1621,.T.);
#2230=ORIENTED_EDGE('',*,*,#1623,.F.);
#2231=ORIENTED_EDGE('',*,*,#1624,.F.);
#2232=ORIENTED_EDGE('',*,*,#1625,.F.);
#2233=ORIENTED_EDGE('',*,*,#1624,.T.);
#2234=ORIENTED_EDGE('',*,*,#1626,.F.);
#2235=ORIENTED_EDGE('',*,*,#1627,.F.);
#2236=ORIENTED_EDGE('',*,*,#1628,.F.);
#2237=ORIENTED_EDGE('',*,*,#1627,.T.);
#2238=ORIENTED_EDGE('',*,*,#1629,.F.);
#2239=ORIENTED_EDGE('',*,*,#1619,.F.);
#2240=ORIENTED_EDGE('',*,*,#1628,.T.);
#2241=ORIENTED_EDGE('',*,*,#1618,.T.);
#2242=ORIENTED_EDGE('',*,*,#1622,.T.);
#2243=ORIENTED_EDGE('',*,*,#1625,.T.);
#2244=ORIENTED_EDGE('',*,*,#1616,.T.);
#2245=ORIENTED_EDGE('',*,*,#1606,.T.);
#2246=ORIENTED_EDGE('',*,*,#1610,.T.);
#2247=ORIENTED_EDGE('',*,*,#1613,.T.);
#2248=ORIENTED_EDGE('',*,*,#1629,.T.);
#2249=ORIENTED_EDGE('',*,*,#1626,.T.);
#2250=ORIENTED_EDGE('',*,*,#1623,.T.);
#2251=ORIENTED_EDGE('',*,*,#1620,.T.);
#2252=ORIENTED_EDGE('',*,*,#1617,.T.);
#2253=ORIENTED_EDGE('',*,*,#1614,.T.);
#2254=ORIENTED_EDGE('',*,*,#1611,.T.);
#2255=ORIENTED_EDGE('',*,*,#1608,.T.);
#2256=ORIENTED_EDGE('',*,*,#1630,.F.);
#2257=ORIENTED_EDGE('',*,*,#1631,.T.);
#2258=ORIENTED_EDGE('',*,*,#1632,.F.);
#2259=ORIENTED_EDGE('',*,*,#1633,.F.);
#2260=ORIENTED_EDGE('',*,*,#1634,.F.);
#2261=ORIENTED_EDGE('',*,*,#1633,.T.);
#2262=ORIENTED_EDGE('',*,*,#1635,.F.);
#2263=ORIENTED_EDGE('',*,*,#1636,.F.);
#2264=ORIENTED_EDGE('',*,*,#1637,.F.);
#2265=ORIENTED_EDGE('',*,*,#1636,.T.);
#2266=ORIENTED_EDGE('',*,*,#1638,.F.);
#2267=ORIENTED_EDGE('',*,*,#1639,.F.);
#2268=ORIENTED_EDGE('',*,*,#1640,.F.);
#2269=ORIENTED_EDGE('',*,*,#1639,.T.);
#2270=ORIENTED_EDGE('',*,*,#1641,.F.);
#2271=ORIENTED_EDGE('',*,*,#1631,.F.);
#2272=ORIENTED_EDGE('',*,*,#1642,.F.);
#2273=ORIENTED_EDGE('',*,*,#1643,.T.);
#2274=ORIENTED_EDGE('',*,*,#1644,.F.);
#2275=ORIENTED_EDGE('',*,*,#1645,.F.);
#2276=ORIENTED_EDGE('',*,*,#1646,.F.);
#2277=ORIENTED_EDGE('',*,*,#1645,.T.);
#2278=ORIENTED_EDGE('',*,*,#1647,.F.);
#2279=ORIENTED_EDGE('',*,*,#1648,.F.);
#2280=ORIENTED_EDGE('',*,*,#1649,.F.);
#2281=ORIENTED_EDGE('',*,*,#1648,.T.);
#2282=ORIENTED_EDGE('',*,*,#1650,.F.);
#2283=ORIENTED_EDGE('',*,*,#1651,.F.);
#2284=ORIENTED_EDGE('',*,*,#1652,.F.);
#2285=ORIENTED_EDGE('',*,*,#1651,.T.);
#2286=ORIENTED_EDGE('',*,*,#1653,.F.);
#2287=ORIENTED_EDGE('',*,*,#1643,.F.);
#2288=ORIENTED_EDGE('',*,*,#1652,.T.);
#2289=ORIENTED_EDGE('',*,*,#1642,.T.);
#2290=ORIENTED_EDGE('',*,*,#1646,.T.);
#2291=ORIENTED_EDGE('',*,*,#1649,.T.);
#2292=ORIENTED_EDGE('',*,*,#1640,.T.);
#2293=ORIENTED_EDGE('',*,*,#1630,.T.);
#2294=ORIENTED_EDGE('',*,*,#1634,.T.);
#2295=ORIENTED_EDGE('',*,*,#1637,.T.);
#2296=ORIENTED_EDGE('',*,*,#1653,.T.);
#2297=ORIENTED_EDGE('',*,*,#1650,.T.);
#2298=ORIENTED_EDGE('',*,*,#1647,.T.);
#2299=ORIENTED_EDGE('',*,*,#1644,.T.);
#2300=ORIENTED_EDGE('',*,*,#1641,.T.);
#2301=ORIENTED_EDGE('',*,*,#1638,.T.);
#2302=ORIENTED_EDGE('',*,*,#1635,.T.);
#2303=ORIENTED_EDGE('',*,*,#1632,.T.);
#2304=CYLINDRICAL_SURFACE('',#2496,0.9);
#2305=CYLINDRICAL_SURFACE('',#2514,3.);
#2306=CYLINDRICAL_SURFACE('',#2554,0.899999999999999);
#2307=CYLINDRICAL_SURFACE('',#2563,0.899999999999999);
#2308=CYLINDRICAL_SURFACE('',#2572,0.9);
#2309=CYLINDRICAL_SURFACE('',#2586,1.25);
#2310=CYLINDRICAL_SURFACE('',#2589,1.25);
#2311=CYLINDRICAL_SURFACE('',#2596,1.25);
#2312=CYLINDRICAL_SURFACE('',#2599,1.25);
#2313=STYLED_ITEM('',(#3983),#2327);
#2314=STYLED_ITEM('',(#3983),#2328);
#2315=STYLED_ITEM('',(#3983),#2329);
#2316=STYLED_ITEM('',(#3983),#2330);
#2317=STYLED_ITEM('',(#3983),#2331);
#2318=STYLED_ITEM('',(#3982),#29);
#2319=STYLED_ITEM('',(#3983),#30);
#2320=STYLED_ITEM('',(#3983),#31);
#2321=STYLED_ITEM('',(#3983),#32);
#2322=STYLED_ITEM('',(#3984),#33);
#2323=STYLED_ITEM('',(#3985),#2442);
#2324=STYLED_ITEM('',(#3981),#34);
#2325=STYLED_ITEM('',(#3985),#2452);
#2326=STYLED_ITEM('',(#3981),#35);
#2327=ADVANCED_FACE('',(#192),#2304,.F.);
#2328=ADVANCED_FACE('',(#193),#75,.T.);
#2329=ADVANCED_FACE('',(#194,#36),#76,.T.);
#2330=ADVANCED_FACE('',(#195,#37),#77,.T.);
#2331=ADVANCED_FACE('',(#196),#78,.T.);
#2332=ADVANCED_FACE('',(#197),#79,.F.);
#2333=ADVANCED_FACE('',(#198),#80,.F.);
#2334=ADVANCED_FACE('',(#199),#81,.F.);
#2335=ADVANCED_FACE('',(#200),#82,.F.);
#2336=ADVANCED_FACE('',(#201),#83,.F.);
#2337=ADVANCED_FACE('',(#202),#84,.F.);
#2338=ADVANCED_FACE('',(#203),#85,.F.);
#2339=ADVANCED_FACE('',(#204),#86,.F.);
#2340=ADVANCED_FACE('',(#205),#87,.T.);
#2341=ADVANCED_FACE('',(#206),#2305,.F.);
#2342=ADVANCED_FACE('',(#207),#88,.F.);
#2343=ADVANCED_FACE('',(#208),#89,.F.);
#2344=ADVANCED_FACE('',(#209),#90,.F.);
#2345=ADVANCED_FACE('',(#210),#91,.F.);
#2346=ADVANCED_FACE('',(#211),#92,.F.);
#2347=ADVANCED_FACE('',(#212),#93,.F.);
#2348=ADVANCED_FACE('',(#213),#94,.T.);
#2349=ADVANCED_FACE('',(#214),#95,.T.);
#2350=ADVANCED_FACE('',(#215),#96,.T.);
#2351=ADVANCED_FACE('',(#216),#97,.T.);
#2352=ADVANCED_FACE('',(#217,#38),#98,.T.);
#2353=ADVANCED_FACE('',(#218,#39),#99,.F.);
#2354=ADVANCED_FACE('',(#219),#100,.F.);
#2355=ADVANCED_FACE('',(#220),#101,.F.);
#2356=ADVANCED_FACE('',(#221),#102,.F.);
#2357=ADVANCED_FACE('',(#222),#103,.F.);
#2358=ADVANCED_FACE('',(#223,#40),#104,.F.);
#2359=ADVANCED_FACE('',(#224),#105,.F.);
#2360=ADVANCED_FACE('',(#225),#106,.F.);
#2361=ADVANCED_FACE('',(#226),#107,.T.);
#2362=ADVANCED_FACE('',(#227),#108,.T.);
#2363=ADVANCED_FACE('',(#228),#109,.T.);
#2364=ADVANCED_FACE('',(#229),#110,.T.);
#2365=ADVANCED_FACE('',(#230,#41),#111,.T.);
#2366=ADVANCED_FACE('',(#231,#42),#112,.F.);
#2367=ADVANCED_FACE('',(#232),#113,.F.);
#2368=ADVANCED_FACE('',(#233),#114,.F.);
#2369=ADVANCED_FACE('',(#234),#115,.F.);
#2370=ADVANCED_FACE('',(#235),#116,.F.);
#2371=ADVANCED_FACE('',(#236),#117,.F.);
#2372=ADVANCED_FACE('',(#237,#43),#118,.F.);
#2373=ADVANCED_FACE('',(#238,#44),#119,.T.);
#2374=ADVANCED_FACE('',(#239,#45,#46),#120,.T.);
#2375=ADVANCED_FACE('',(#240),#121,.T.);
#2376=ADVANCED_FACE('',(#241,#47),#122,.T.);
#2377=ADVANCED_FACE('',(#242,#48),#123,.T.);
#2378=ADVANCED_FACE('',(#243,#49),#124,.F.);
#2379=ADVANCED_FACE('',(#244),#2306,.F.);
#2380=ADVANCED_FACE('',(#245,#50),#125,.T.);
#2381=ADVANCED_FACE('',(#246),#126,.T.);
#2382=ADVANCED_FACE('',(#247,#51),#127,.T.);
#2383=ADVANCED_FACE('',(#248),#128,.T.);
#2384=ADVANCED_FACE('',(#249),#129,.T.);
#2385=ADVANCED_FACE('',(#250),#130,.F.);
#2386=ADVANCED_FACE('',(#251),#2307,.F.);
#2387=ADVANCED_FACE('',(#252),#131,.T.);
#2388=ADVANCED_FACE('',(#253,#52),#132,.T.);
#2389=ADVANCED_FACE('',(#254),#133,.T.);
#2390=ADVANCED_FACE('',(#255,#53),#134,.T.);
#2391=ADVANCED_FACE('',(#256),#135,.T.);
#2392=ADVANCED_FACE('',(#257),#136,.F.);
#2393=ADVANCED_FACE('',(#258),#2308,.F.);
#2394=ADVANCED_FACE('',(#259,#54),#137,.T.);
#2395=ADVANCED_FACE('',(#260),#138,.T.);
#2396=ADVANCED_FACE('',(#261,#55),#139,.T.);
#2397=ADVANCED_FACE('',(#262),#140,.T.);
#2398=ADVANCED_FACE('',(#263),#141,.T.);
#2399=ADVANCED_FACE('',(#264),#142,.F.);
#2400=ADVANCED_FACE('',(#265),#143,.F.);
#2401=ADVANCED_FACE('',(#266),#144,.F.);
#2402=ADVANCED_FACE('',(#267),#145,.F.);
#2403=ADVANCED_FACE('',(#268),#146,.F.);
#2404=ADVANCED_FACE('',(#269),#2309,.F.);
#2405=ADVANCED_FACE('',(#270),#2310,.F.);
#2406=ADVANCED_FACE('',(#271),#147,.F.);
#2407=ADVANCED_FACE('',(#272),#148,.F.);
#2408=ADVANCED_FACE('',(#273),#149,.F.);
#2409=ADVANCED_FACE('',(#274),#150,.F.);
#2410=ADVANCED_FACE('',(#275),#2311,.F.);
#2411=ADVANCED_FACE('',(#276),#2312,.F.);
#2412=ADVANCED_FACE('',(#277),#151,.F.);
#2413=ADVANCED_FACE('',(#278),#152,.F.);
#2414=ADVANCED_FACE('',(#279),#153,.F.);
#2415=ADVANCED_FACE('',(#280),#154,.F.);
#2416=ADVANCED_FACE('',(#281),#155,.F.);
#2417=ADVANCED_FACE('',(#282,#56,#57,#58,#59,#60,#61),#156,.F.);
#2418=ADVANCED_FACE('',(#283),#157,.T.);
#2419=ADVANCED_FACE('',(#284),#158,.T.);
#2420=ADVANCED_FACE('',(#285),#159,.T.);
#2421=ADVANCED_FACE('',(#286),#160,.T.);
#2422=ADVANCED_FACE('',(#287),#161,.T.);
#2423=ADVANCED_FACE('',(#288),#162,.T.);
#2424=ADVANCED_FACE('',(#289),#163,.T.);
#2425=ADVANCED_FACE('',(#290),#164,.T.);
#2426=ADVANCED_FACE('',(#291,#62),#165,.T.);
#2427=ADVANCED_FACE('',(#292,#63),#166,.F.);
#2428=ADVANCED_FACE('',(#293),#167,.T.);
#2429=ADVANCED_FACE('',(#294),#168,.T.);
#2430=ADVANCED_FACE('',(#295),#169,.T.);
#2431=ADVANCED_FACE('',(#296),#170,.T.);
#2432=ADVANCED_FACE('',(#297,#64,#65,#66,#67,#68,#69,#70),#171,.T.);
#2433=ADVANCED_FACE('',(#298),#172,.T.);
#2434=ADVANCED_FACE('',(#299),#173,.T.);
#2435=ADVANCED_FACE('',(#300),#174,.T.);
#2436=ADVANCED_FACE('',(#301),#175,.T.);
#2437=ADVANCED_FACE('',(#302),#176,.T.);
#2438=ADVANCED_FACE('',(#303),#177,.T.);
#2439=ADVANCED_FACE('',(#304),#178,.T.);
#2440=ADVANCED_FACE('',(#305),#179,.T.);
#2441=ADVANCED_FACE('',(#306,#71),#180,.T.);
#2442=ADVANCED_FACE('',(#307,#72),#181,.T.);
#2443=ADVANCED_FACE('',(#308),#182,.T.);
#2444=ADVANCED_FACE('',(#309),#183,.T.);
#2445=ADVANCED_FACE('',(#310),#184,.T.);
#2446=ADVANCED_FACE('',(#311),#185,.T.);
#2447=ADVANCED_FACE('',(#312),#186,.T.);
#2448=ADVANCED_FACE('',(#313),#187,.T.);
#2449=ADVANCED_FACE('',(#314),#188,.T.);
#2450=ADVANCED_FACE('',(#315),#189,.T.);
#2451=ADVANCED_FACE('',(#316,#73),#190,.T.);
#2452=ADVANCED_FACE('',(#317,#74),#191,.T.);
#2453=CLOSED_SHELL('',(#2327,#2328,#2329,#2330,#2331,#2332,#2333,#2334,
#2335,#2336,#2337,#2338,#2339,#2340,#2341,#2342,#2343,#2344,#2345,#2346,
#2347,#2348,#2349,#2350,#2351,#2352,#2353,#2354,#2355,#2356,#2357,#2358,
#2359,#2360,#2361,#2362,#2363,#2364,#2365,#2366,#2367,#2368,#2369,#2370,
#2371,#2372,#2373,#2374,#2375,#2376,#2377,#2378));
#2454=CLOSED_SHELL('',(#2379,#2380,#2381,#2382,#2383,#2384,#2385));
#2455=CLOSED_SHELL('',(#2386,#2387,#2388,#2389,#2390,#2391,#2392));
#2456=CLOSED_SHELL('',(#2393,#2394,#2395,#2396,#2397,#2398,#2399));
#2457=CLOSED_SHELL('',(#2400,#2401,#2402,#2403,#2404,#2405,#2406,#2407,
#2408,#2409,#2410,#2411,#2412,#2413,#2414,#2415,#2416,#2417,#2418,#2419,
#2420,#2421,#2422,#2423,#2424,#2425,#2426,#2427,#2428,#2429,#2430,#2431,
#2432));
#2458=CLOSED_SHELL('',(#2433,#2434,#2435,#2436,#2437,#2438,#2439,#2440,
#2441,#2442));
#2459=CLOSED_SHELL('',(#2443,#2444,#2445,#2446,#2447,#2448,#2449,#2450,
#2451,#2452));
#2460=DERIVED_UNIT_ELEMENT(#2466,1.);
#2461=DERIVED_UNIT_ELEMENT(#3943,-3.);
#2462=DERIVED_UNIT_ELEMENT(#2466,1.);
#2463=DERIVED_UNIT_ELEMENT(#3943,-3.);
#2464=DERIVED_UNIT_ELEMENT(#2466,1.);
#2465=DERIVED_UNIT_ELEMENT(#3943,-3.);
#2466=(
MASS_UNIT()
NAMED_UNIT(*)
SI_UNIT(.KILO.,.GRAM.)
);
#2467=DERIVED_UNIT((#2460,#2461));
#2468=DERIVED_UNIT((#2462,#2463));
#2469=DERIVED_UNIT((#2464,#2465));
#2470=MEASURE_REPRESENTATION_ITEM('density measure',
POSITIVE_RATIO_MEASURE(7850.),#2467);
#2471=MEASURE_REPRESENTATION_ITEM('density measure',
POSITIVE_RATIO_MEASURE(7850.),#2468);
#2472=MEASURE_REPRESENTATION_ITEM('density measure',
POSITIVE_RATIO_MEASURE(7850.),#2469);
#2473=PROPERTY_DEFINITION_REPRESENTATION(#2488,#2479);
#2474=PROPERTY_DEFINITION_REPRESENTATION(#2489,#2480);
#2475=PROPERTY_DEFINITION_REPRESENTATION(#2490,#2481);
#2476=PROPERTY_DEFINITION_REPRESENTATION(#2491,#2482);
#2477=PROPERTY_DEFINITION_REPRESENTATION(#2492,#2483);
#2478=PROPERTY_DEFINITION_REPRESENTATION(#2493,#2484);
#2479=REPRESENTATION('material name',(#2485),#3938);
#2480=REPRESENTATION('density',(#2470),#3938);
#2481=REPRESENTATION('material name',(#2486),#3939);
#2482=REPRESENTATION('density',(#2471),#3939);
#2483=REPRESENTATION('material name',(#2487),#3940);
#2484=REPRESENTATION('density',(#2472),#3940);
#2485=DESCRIPTIVE_REPRESENTATION_ITEM('Steel','Steel');
#2486=DESCRIPTIVE_REPRESENTATION_ITEM('Steel','Steel');
#2487=DESCRIPTIVE_REPRESENTATION_ITEM('Steel','Steel');
#2488=PROPERTY_DEFINITION('material property','material name',#3963);
#2489=PROPERTY_DEFINITION('material property','density of part',#3963);
#2490=PROPERTY_DEFINITION('material property','material name',#3964);
#2491=PROPERTY_DEFINITION('material property','density of part',#3964);
#2492=PROPERTY_DEFINITION('material property','material name',#3965);
#2493=PROPERTY_DEFINITION('material property','density of part',#3965);
#2494=AXIS2_PLACEMENT_3D('',#3258,#2647,#2648);
#2495=AXIS2_PLACEMENT_3D('',#3259,#2649,#2650);
#2496=AXIS2_PLACEMENT_3D('',#3260,#2651,#2652);
#2497=AXIS2_PLACEMENT_3D('',#3262,#2653,#2654);
#2498=AXIS2_PLACEMENT_3D('',#3265,#2656,#2657);
#2499=AXIS2_PLACEMENT_3D('',#3266,#2658,#2659);
#2500=AXIS2_PLACEMENT_3D('',#3275,#2664,#2665);
#2501=AXIS2_PLACEMENT_3D('',#3281,#2669,#2670);
#2502=AXIS2_PLACEMENT_3D('',#3287,#2674,#2675);
#2503=AXIS2_PLACEMENT_3D('',#3289,#2677,#2678);
#2504=AXIS2_PLACEMENT_3D('',#3298,#2683,#2684);
#2505=AXIS2_PLACEMENT_3D('',#3304,#2688,#2689);
#2506=AXIS2_PLACEMENT_3D('',#3310,#2693,#2694);
#2507=AXIS2_PLACEMENT_3D('',#3313,#2697,#2698);
#2508=AXIS2_PLACEMENT_3D('',#3322,#2703,#2704);
#2509=AXIS2_PLACEMENT_3D('',#3328,#2708,#2709);
#2510=AXIS2_PLACEMENT_3D('',#3334,#2713,#2714);
#2511=AXIS2_PLACEMENT_3D('',#3337,#2717,#2718);
#2512=AXIS2_PLACEMENT_3D('',#3342,#2720,#2721);
#2513=AXIS2_PLACEMENT_3D('',#3343,#2722,#2723);
#2514=AXIS2_PLACEMENT_3D('',#3344,#2724,#2725);
#2515=AXIS2_PLACEMENT_3D('',#3346,#2726,#2727);
#2516=AXIS2_PLACEMENT_3D('',#3348,#2729,#2730);
#2517=AXIS2_PLACEMENT_3D('',#3349,#2731,#2732);
#2518=AXIS2_PLACEMENT_3D('',#3358,#2737,#2738);
#2519=AXIS2_PLACEMENT_3D('',#3364,#2742,#2743);
#2520=AXIS2_PLACEMENT_3D('',#3370,#2747,#2748);
#2521=AXIS2_PLACEMENT_3D('',#3379,#2753,#2754);
#2522=AXIS2_PLACEMENT_3D('',#3385,#2758,#2759);
#2523=AXIS2_PLACEMENT_3D('',#3391,#2763,#2764);
#2524=AXIS2_PLACEMENT_3D('',#3400,#2769,#2770);
#2525=AXIS2_PLACEMENT_3D('',#3406,#2774,#2775);
#2526=AXIS2_PLACEMENT_3D('',#3412,#2779,#2780);
#2527=AXIS2_PLACEMENT_3D('',#3415,#2783,#2784);
#2528=AXIS2_PLACEMENT_3D('',#3424,#2789,#2790);
#2529=AXIS2_PLACEMENT_3D('',#3433,#2795,#2796);
#2530=AXIS2_PLACEMENT_3D('',#3441,#2802,#2803);
#2531=AXIS2_PLACEMENT_3D('',#3447,#2807,#2808);
#2532=AXIS2_PLACEMENT_3D('',#3451,#2811,#2812);
#2533=AXIS2_PLACEMENT_3D('',#3457,#2816,#2817);
#2534=AXIS2_PLACEMENT_3D('',#3461,#2820,#2821);
#2535=AXIS2_PLACEMENT_3D('',#3463,#2823,#2824);
#2536=AXIS2_PLACEMENT_3D('',#3465,#2826,#2827);
#2537=AXIS2_PLACEMENT_3D('',#3474,#2832,#2833);
#2538=AXIS2_PLACEMENT_3D('',#3480,#2837,#2838);
#2539=AXIS2_PLACEMENT_3D('',#3486,#2842,#2843);
#2540=AXIS2_PLACEMENT_3D('',#3489,#2846,#2847);
#2541=AXIS2_PLACEMENT_3D('',#3490,#2848,#2849);
#2542=AXIS2_PLACEMENT_3D('',#3499,#2854,#2855);
#2543=AXIS2_PLACEMENT_3D('',#3505,#2859,#2860);
#2544=AXIS2_PLACEMENT_3D('',#3510,#2864,#2865);
#2545=AXIS2_PLACEMENT_3D('',#3515,#2869,#2870);
#2546=AXIS2_PLACEMENT_3D('',#3517,#2872,#2873);
#2547=AXIS2_PLACEMENT_3D('',#3520,#2876,#2877);
#2548=AXIS2_PLACEMENT_3D('',#3521,#2878,#2879);
#2549=AXIS2_PLACEMENT_3D('',#3530,#2884,#2885);
#2550=AXIS2_PLACEMENT_3D('',#3536,#2889,#2890);
#2551=AXIS2_PLACEMENT_3D('',#3543,#2895,#2896);
#2552=AXIS2_PLACEMENT_3D('',#3546,#2899,#2900);
#2553=AXIS2_PLACEMENT_3D('',#3547,#2901,#2902);
#2554=AXIS2_PLACEMENT_3D('',#3548,#2903,#2904);
#2555=AXIS2_PLACEMENT_3D('',#3550,#2905,#2906);
#2556=AXIS2_PLACEMENT_3D('',#3553,#2908,#2909);
#2557=AXIS2_PLACEMENT_3D('',#3554,#2910,#2911);
#2558=AXIS2_PLACEMENT_3D('',#3563,#2916,#2917);
#2559=AXIS2_PLACEMENT_3D('',#3569,#2921,#2922);
#2560=AXIS2_PLACEMENT_3D('',#3575,#2926,#2927);
#2561=AXIS2_PLACEMENT_3D('',#3578,#2930,#2931);
#2562=AXIS2_PLACEMENT_3D('',#3579,#2932,#2933);
#2563=AXIS2_PLACEMENT_3D('',#3580,#2934,#2935);
#2564=AXIS2_PLACEMENT_3D('',#3582,#2936,#2937);
#2565=AXIS2_PLACEMENT_3D('',#3585,#2939,#2940);
#2566=AXIS2_PLACEMENT_3D('',#3586,#2941,#2942);
#2567=AXIS2_PLACEMENT_3D('',#3595,#2947,#2948);
#2568=AXIS2_PLACEMENT_3D('',#3601,#2952,#2953);
#2569=AXIS2_PLACEMENT_3D('',#3607,#2957,#2958);
#2570=AXIS2_PLACEMENT_3D('',#3610,#2961,#2962);
#2571=AXIS2_PLACEMENT_3D('',#3611,#2963,#2964);
#2572=AXIS2_PLACEMENT_3D('',#3612,#2965,#2966);
#2573=AXIS2_PLACEMENT_3D('',#3614,#2967,#2968);
#2574=AXIS2_PLACEMENT_3D('',#3617,#2970,#2971);
#2575=AXIS2_PLACEMENT_3D('',#3618,#2972,#2973);
#2576=AXIS2_PLACEMENT_3D('',#3627,#2978,#2979);
#2577=AXIS2_PLACEMENT_3D('',#3633,#2983,#2984);
#2578=AXIS2_PLACEMENT_3D('',#3639,#2988,#2989);
#2579=AXIS2_PLACEMENT_3D('',#3642,#2992,#2993);
#2580=AXIS2_PLACEMENT_3D('',#3643,#2994,#2995);
#2581=AXIS2_PLACEMENT_3D('',#3644,#2996,#2997);
#2582=AXIS2_PLACEMENT_3D('',#3645,#2998,#2999);
#2583=AXIS2_PLACEMENT_3D('',#3654,#3004,#3005);
#2584=AXIS2_PLACEMENT_3D('',#3660,#3009,#3010);
#2585=AXIS2_PLACEMENT_3D('',#3666,#3014,#3015);
#2586=AXIS2_PLACEMENT_3D('',#3669,#3018,#3019);
#2587=AXIS2_PLACEMENT_3D('',#3671,#3020,#3021);
#2588=AXIS2_PLACEMENT_3D('',#3674,#3023,#3024);
#2589=AXIS2_PLACEMENT_3D('',#3675,#3025,#3026);
#2590=AXIS2_PLACEMENT_3D('',#3677,#3027,#3028);
#2591=AXIS2_PLACEMENT_3D('',#3680,#3030,#3031);
#2592=AXIS2_PLACEMENT_3D('',#3681,#3032,#3033);
#2593=AXIS2_PLACEMENT_3D('',#3690,#3038,#3039);
#2594=AXIS2_PLACEMENT_3D('',#3696,#3043,#3044);
#2595=AXIS2_PLACEMENT_3D('',#3702,#3048,#3049);
#2596=AXIS2_PLACEMENT_3D('',#3705,#3052,#3053);
#2597=AXIS2_PLACEMENT_3D('',#3707,#3054,#3055);
#2598=AXIS2_PLACEMENT_3D('',#3710,#3057,#3058);
#2599=AXIS2_PLACEMENT_3D('',#3711,#3059,#3060);
#2600=AXIS2_PLACEMENT_3D('',#3713,#3061,#3062);
#2601=AXIS2_PLACEMENT_3D('',#3716,#3064,#3065);
#2602=AXIS2_PLACEMENT_3D('',#3717,#3066,#3067);
#2603=AXIS2_PLACEMENT_3D('',#3726,#3072,#3073);
#2604=AXIS2_PLACEMENT_3D('',#3736,#3079,#3080);
#2605=AXIS2_PLACEMENT_3D('',#3746,#3086,#3087);
#2606=AXIS2_PLACEMENT_3D('',#3749,#3090,#3091);
#2607=AXIS2_PLACEMENT_3D('',#3751,#3093,#3094);
#2608=AXIS2_PLACEMENT_3D('',#3761,#3100,#3101);
#2609=AXIS2_PLACEMENT_3D('',#3767,#3105,#3106);
#2610=AXIS2_PLACEMENT_3D('',#3771,#3109,#3110);
#2611=AXIS2_PLACEMENT_3D('',#3775,#3113,#3114);
#2612=AXIS2_PLACEMENT_3D('',#3777,#3116,#3117);
#2613=AXIS2_PLACEMENT_3D('',#3786,#3122,#3123);
#2614=AXIS2_PLACEMENT_3D('',#3792,#3127,#3128);
#2615=AXIS2_PLACEMENT_3D('',#3798,#3132,#3133);
#2616=AXIS2_PLACEMENT_3D('',#3801,#3136,#3137);
#2617=AXIS2_PLACEMENT_3D('',#3802,#3138,#3139);
#2618=AXIS2_PLACEMENT_3D('',#3811,#3144,#3145);
#2619=AXIS2_PLACEMENT_3D('',#3817,#3149,#3150);
#2620=AXIS2_PLACEMENT_3D('',#3821,#3153,#3154);
#2621=AXIS2_PLACEMENT_3D('',#3825,#3157,#3158);
#2622=AXIS2_PLACEMENT_3D('',#3827,#3160,#3161);
#2623=AXIS2_PLACEMENT_3D('',#3828,#3162,#3163);
#2624=AXIS2_PLACEMENT_3D('',#3829,#3164,#3165);
#2625=AXIS2_PLACEMENT_3D('',#3838,#3170,#3171);
#2626=AXIS2_PLACEMENT_3D('',#3844,#3175,#3176);
#2627=AXIS2_PLACEMENT_3D('',#3850,#3180,#3181);
#2628=AXIS2_PLACEMENT_3D('',#3853,#3184,#3185);
#2629=AXIS2_PLACEMENT_3D('',#3862,#3190,#3191);
#2630=AXIS2_PLACEMENT_3D('',#3868,#3195,#3196);
#2631=AXIS2_PLACEMENT_3D('',#3874,#3200,#3201);
#2632=AXIS2_PLACEMENT_3D('',#3877,#3204,#3205);
#2633=AXIS2_PLACEMENT_3D('',#3878,#3206,#3207);
#2634=AXIS2_PLACEMENT_3D('',#3879,#3208,#3209);
#2635=AXIS2_PLACEMENT_3D('',#3888,#3214,#3215);
#2636=AXIS2_PLACEMENT_3D('',#3894,#3219,#3220);
#2637=AXIS2_PLACEMENT_3D('',#3900,#3224,#3225);
#2638=AXIS2_PLACEMENT_3D('',#3903,#3228,#3229);
#2639=AXIS2_PLACEMENT_3D('',#3912,#3234,#3235);
#2640=AXIS2_PLACEMENT_3D('',#3918,#3239,#3240);
#2641=AXIS2_PLACEMENT_3D('',#3924,#3244,#3245);
#2642=AXIS2_PLACEMENT_3D('',#3927,#3248,#3249);
#2643=AXIS2_PLACEMENT_3D('',#3928,#3250,#3251);
#2644=AXIS2_PLACEMENT_3D('',#3929,#3252,#3253);
#2645=AXIS2_PLACEMENT_3D('',#3930,#3254,#3255);
#2646=AXIS2_PLACEMENT_3D('',#3931,#3256,#3257);
#2647=DIRECTION('axis',(0.,0.,1.));
#2648=DIRECTION('refdir',(1.,0.,0.));
#2649=DIRECTION('axis',(0.,0.,1.));
#2650=DIRECTION('refdir',(1.,0.,0.));
#2651=DIRECTION('center_axis',(-1.,0.,0.));
#2652=DIRECTION('ref_axis',(0.,1.,0.));
#2653=DIRECTION('center_axis',(-1.,0.,0.));
#2654=DIRECTION('ref_axis',(0.,1.,0.));
#2655=DIRECTION('',(-1.,0.,0.));
#2656=DIRECTION('center_axis',(1.,0.,0.));
#2657=DIRECTION('ref_axis',(0.,1.,0.));
#2658=DIRECTION('center_axis',(0.,0.,1.));
#2659=DIRECTION('ref_axis',(1.,0.,0.));
#2660=DIRECTION('',(-1.,0.,0.));
#2661=DIRECTION('',(0.,1.,0.));
#2662=DIRECTION('',(1.,0.,0.));
#2663=DIRECTION('',(0.,1.,0.));
#2664=DIRECTION('center_axis',(-1.,0.,0.));
#2665=DIRECTION('ref_axis',(0.,0.,1.));
#2666=DIRECTION('',(0.,0.,-1.));
#2667=DIRECTION('',(0.,0.,1.));
#2668=DIRECTION('',(0.,1.,0.));
#2669=DIRECTION('center_axis',(1.,0.,0.));
#2670=DIRECTION('ref_axis',(0.,0.,-1.));
#2671=DIRECTION('',(0.,0.,1.));
#2672=DIRECTION('',(0.,1.,0.));
#2673=DIRECTION('',(0.,0.,-1.));
#2674=DIRECTION('center_axis',(0.,1.,0.));
#2675=DIRECTION('ref_axis',(0.,0.,1.));
#2676=DIRECTION('',(-1.,0.,0.));
#2677=DIRECTION('center_axis',(-1.,0.,0.));
#2678=DIRECTION('ref_axis',(0.,1.,0.));
#2679=DIRECTION('',(0.,1.,0.));
#2680=DIRECTION('',(0.,0.,-1.));
#2681=DIRECTION('',(0.,-1.,0.));
#2682=DIRECTION('',(0.,0.,-1.));
#2683=DIRECTION('center_axis',(0.,-1.,0.));
#2684=DIRECTION('ref_axis',(-1.,0.,0.));
#2685=DIRECTION('',(-1.,0.,0.));
#2686=DIRECTION('',(0.,0.,-1.));
#2687=DIRECTION('',(1.,0.,0.));
#2688=DIRECTION('center_axis',(1.,0.,0.));
#2689=DIRECTION('ref_axis',(0.,-1.,0.));
#2690=DIRECTION('',(0.,-1.,0.));
#2691=DIRECTION('',(0.,0.,-1.));
#2692=DIRECTION('',(0.,1.,0.));
#2693=DIRECTION('center_axis',(0.,1.,0.));
#2694=DIRECTION('ref_axis',(1.,0.,0.));
#2695=DIRECTION('',(1.,0.,0.));
#2696=DIRECTION('',(-1.,0.,0.));
#2697=DIRECTION('center_axis',(-1.,0.,0.));
#2698=DIRECTION('ref_axis',(0.,0.,1.));
#2699=DIRECTION('',(0.,0.,1.));
#2700=DIRECTION('',(0.,1.,0.));
#2701=DIRECTION('',(0.,0.,-1.));
#2702=DIRECTION('',(0.,1.,0.));
#2703=DIRECTION('center_axis',(0.,0.,-1.));
#2704=DIRECTION('ref_axis',(-1.,0.,0.));
#2705=DIRECTION('',(-1.,0.,0.));
#2706=DIRECTION('',(0.,1.,0.));
#2707=DIRECTION('',(1.,0.,0.));
#2708=DIRECTION('center_axis',(1.,0.,0.));
#2709=DIRECTION('ref_axis',(0.,0.,-1.));
#2710=DIRECTION('',(0.,0.,-1.));
#2711=DIRECTION('',(0.,1.,0.));
#2712=DIRECTION('',(0.,0.,1.));
#2713=DIRECTION('center_axis',(0.,0.,1.));
#2714=DIRECTION('ref_axis',(1.,0.,0.));
#2715=DIRECTION('',(1.,0.,0.));
#2716=DIRECTION('',(-1.,0.,0.));
#2717=DIRECTION('center_axis',(1.,0.,0.));
#2718=DIRECTION('ref_axis',(0.,1.,0.));
#2719=DIRECTION('',(0.,0.,-1.));
#2720=DIRECTION('center_axis',(-1.,0.,0.));
#2721=DIRECTION('ref_axis',(0.,1.,0.));
#2722=DIRECTION('center_axis',(-1.,0.,0.));
#2723=DIRECTION('ref_axis',(0.,1.,0.));
#2724=DIRECTION('center_axis',(-1.,0.,0.));
#2725=DIRECTION('ref_axis',(0.,1.,0.));
#2726=DIRECTION('center_axis',(-1.,0.,0.));
#2727=DIRECTION('ref_axis',(0.,1.,0.));
#2728=DIRECTION('',(-1.,0.,0.));
#2729=DIRECTION('center_axis',(1.,0.,0.));
#2730=DIRECTION('ref_axis',(0.,1.,0.));
#2731=DIRECTION('center_axis',(0.,0.,1.));
#2732=DIRECTION('ref_axis',(0.,-1.,0.));
#2733=DIRECTION('',(0.,-1.,0.));
#2734=DIRECTION('',(1.,0.,0.));
#2735=DIRECTION('',(0.,1.,0.));
#2736=DIRECTION('',(1.,0.,0.));
#2737=DIRECTION('center_axis',(0.,1.,0.));
#2738=DIRECTION('ref_axis',(0.,0.,1.));
#2739=DIRECTION('',(0.,0.,1.));
#2740=DIRECTION('',(1.,0.,0.));
#2741=DIRECTION('',(0.,0.,-1.));
#2742=DIRECTION('center_axis',(0.,0.,-1.));
#2743=DIRECTION('ref_axis',(0.,1.,0.));
#2744=DIRECTION('',(0.,1.,0.));
#2745=DIRECTION('',(1.,0.,0.));
#2746=DIRECTION('',(0.,-1.,0.));
#2747=DIRECTION('center_axis',(0.,-1.,0.));
#2748=DIRECTION('ref_axis',(0.,0.,-1.));
#2749=DIRECTION('',(0.,0.,-1.));
#2750=DIRECTION('',(1.,0.,0.));
#2751=DIRECTION('',(0.,0.,1.));
#2752=DIRECTION('',(1.,0.,0.));
#2753=DIRECTION('center_axis',(0.,0.,1.));
#2754=DIRECTION('ref_axis',(0.,-1.,0.));
#2755=DIRECTION('',(0.,-1.,0.));
#2756=DIRECTION('',(1.,0.,0.));
#2757=DIRECTION('',(0.,1.,0.));
#2758=DIRECTION('center_axis',(0.,0.,-1.));
#2759=DIRECTION('ref_axis',(0.,1.,0.));
#2760=DIRECTION('',(0.,1.,0.));
#2761=DIRECTION('',(0.,-1.,0.));
#2762=DIRECTION('',(1.,0.,0.));
#2763=DIRECTION('center_axis',(0.,1.,0.));
#2764=DIRECTION('ref_axis',(1.,0.,0.));
#2765=DIRECTION('',(1.,0.,0.));
#2766=DIRECTION('',(0.,0.,-1.));
#2767=DIRECTION('',(1.,0.,0.));
#2768=DIRECTION('',(0.,0.,-1.));
#2769=DIRECTION('center_axis',(1.,0.,0.));
#2770=DIRECTION('ref_axis',(0.,-1.,0.));
#2771=DIRECTION('',(0.,-1.,0.));
#2772=DIRECTION('',(0.,-1.,0.));
#2773=DIRECTION('',(0.,0.,-1.));
#2774=DIRECTION('center_axis',(0.,-1.,0.));
#2775=DIRECTION('ref_axis',(-1.,0.,0.));
#2776=DIRECTION('',(-1.,0.,0.));
#2777=DIRECTION('',(-1.,0.,0.));
#2778=DIRECTION('',(0.,0.,-1.));
#2779=DIRECTION('center_axis',(-1.,0.,0.));
#2780=DIRECTION('ref_axis',(0.,1.,0.));
#2781=DIRECTION('',(0.,1.,0.));
#2782=DIRECTION('',(0.,1.,0.));
#2783=DIRECTION('center_axis',(0.,0.,-1.));
#2784=DIRECTION('ref_axis',(-1.,0.,0.));
#2785=DIRECTION('',(0.,1.,0.));
#2786=DIRECTION('',(1.,0.,0.));
#2787=DIRECTION('',(0.,-1.,0.));
#2788=DIRECTION('',(-1.,0.,0.));
#2789=DIRECTION('center_axis',(0.,0.,-1.));
#2790=DIRECTION('ref_axis',(-1.,0.,0.));
#2791=DIRECTION('',(0.,-1.,0.));
#2792=DIRECTION('',(1.,0.,0.));
#2793=DIRECTION('',(0.,1.,0.));
#2794=DIRECTION('',(-1.,0.,0.));
#2795=DIRECTION('center_axis',(0.,1.,0.));
#2796=DIRECTION('ref_axis',(1.,0.,0.));
#2797=DIRECTION('',(0.,0.,-1.));
#2798=DIRECTION('',(0.,0.,1.));
#2799=DIRECTION('',(0.,0.,-1.));
#2800=DIRECTION('',(1.,0.,0.));
#2801=DIRECTION('',(0.,0.,-1.));
#2802=DIRECTION('center_axis',(0.,1.,0.));
#2803=DIRECTION('ref_axis',(1.,0.,0.));
#2804=DIRECTION('',(0.,0.,-1.));
#2805=DIRECTION('',(1.,0.,0.));
#2806=DIRECTION('',(0.,0.,-1.));
#2807=DIRECTION('center_axis',(-1.,0.,0.));
#2808=DIRECTION('ref_axis',(0.,1.,0.));
#2809=DIRECTION('',(0.,0.,-1.));
#2810=DIRECTION('',(0.,1.,0.));
#2811=DIRECTION('center_axis',(0.,-1.,0.));
#2812=DIRECTION('ref_axis',(-1.,0.,0.));
#2813=DIRECTION('',(0.,0.,-1.));
#2814=DIRECTION('',(-1.,0.,0.));
#2815=DIRECTION('',(0.,0.,-1.));
#2816=DIRECTION('center_axis',(0.,-1.,0.));
#2817=DIRECTION('ref_axis',(-1.,0.,0.));
#2818=DIRECTION('',(0.,0.,-1.));
#2819=DIRECTION('',(-1.,0.,0.));
#2820=DIRECTION('center_axis',(1.,0.,0.));
#2821=DIRECTION('ref_axis',(0.,-1.,0.));
#2822=DIRECTION('',(0.,-1.,0.));
#2823=DIRECTION('center_axis',(1.,0.,0.));
#2824=DIRECTION('ref_axis',(0.,-1.,0.));
#2825=DIRECTION('',(0.,-1.,0.));
#2826=DIRECTION('center_axis',(-1.,0.,0.));
#2827=DIRECTION('ref_axis',(0.,-1.,0.));
#2828=DIRECTION('',(0.,-1.,0.));
#2829=DIRECTION('',(0.,0.,1.));
#2830=DIRECTION('',(0.,-1.,0.));
#2831=DIRECTION('',(0.,0.,1.));
#2832=DIRECTION('center_axis',(0.,-1.,0.));
#2833=DIRECTION('ref_axis',(1.,0.,0.));
#2834=DIRECTION('',(1.,0.,0.));
#2835=DIRECTION('',(1.,0.,0.));
#2836=DIRECTION('',(0.,0.,1.));
#2837=DIRECTION('center_axis',(1.,0.,0.));
#2838=DIRECTION('ref_axis',(0.,1.,0.));
#2839=DIRECTION('',(0.,1.,0.));
#2840=DIRECTION('',(0.,1.,0.));
#2841=DIRECTION('',(0.,0.,1.));
#2842=DIRECTION('center_axis',(0.,1.,0.));
#2843=DIRECTION('ref_axis',(-1.,0.,0.));
#2844=DIRECTION('',(-1.,0.,0.));
#2845=DIRECTION('',(-1.,0.,0.));
#2846=DIRECTION('center_axis',(0.,0.,1.));
#2847=DIRECTION('ref_axis',(1.,0.,0.));
#2848=DIRECTION('center_axis',(0.,0.,1.));
#2849=DIRECTION('ref_axis',(1.,0.,0.));
#2850=DIRECTION('',(0.,-1.,0.));
#2851=DIRECTION('',(-1.,0.,0.));
#2852=DIRECTION('',(0.,1.,0.));
#2853=DIRECTION('',(1.,0.,0.));
#2854=DIRECTION('center_axis',(0.,1.,0.));
#2855=DIRECTION('ref_axis',(1.,0.,0.));
#2856=DIRECTION('',(0.,0.,-1.));
#2857=DIRECTION('',(1.,0.,0.));
#2858=DIRECTION('',(0.,0.,-1.));
#2859=DIRECTION('center_axis',(1.,0.,0.));
#2860=DIRECTION('ref_axis',(0.,-1.,0.));
#2861=DIRECTION('',(0.,0.,-1.));
#2862=DIRECTION('',(0.,-1.,0.));
#2863=DIRECTION('',(0.,0.,-1.));
#2864=DIRECTION('center_axis',(-1.,0.,0.));
#2865=DIRECTION('ref_axis',(0.,1.,0.));
#2866=DIRECTION('',(0.,0.,-1.));
#2867=DIRECTION('',(0.,1.,0.));
#2868=DIRECTION('',(0.,0.,-1.));
#2869=DIRECTION('center_axis',(-1.,0.,0.));
#2870=DIRECTION('ref_axis',(0.,1.,0.));
#2871=DIRECTION('',(0.,1.,0.));
#2872=DIRECTION('center_axis',(0.,-1.,0.));
#2873=DIRECTION('ref_axis',(-1.,0.,0.));
#2874=DIRECTION('',(-1.,0.,0.));
#2875=DIRECTION('',(0.,0.,-1.));
#2876=DIRECTION('center_axis',(0.,0.,-1.));
#2877=DIRECTION('ref_axis',(-1.,0.,0.));
#2878=DIRECTION('center_axis',(0.,-1.,0.));
#2879=DIRECTION('ref_axis',(1.,0.,0.));
#2880=DIRECTION('',(1.,0.,0.));
#2881=DIRECTION('',(0.,0.,1.));
#2882=DIRECTION('',(1.,0.,0.));
#2883=DIRECTION('',(0.,0.,1.));
#2884=DIRECTION('center_axis',(-1.,0.,0.));
#2885=DIRECTION('ref_axis',(0.,-1.,0.));
#2886=DIRECTION('',(0.,-1.,0.));
#2887=DIRECTION('',(0.,-1.,0.));
#2888=DIRECTION('',(0.,0.,1.));
#2889=DIRECTION('center_axis',(0.,1.,0.));
#2890=DIRECTION('ref_axis',(-1.,0.,0.));
#2891=DIRECTION('',(-1.,0.,0.));
#2892=DIRECTION('',(-1.,0.,0.));
#2893=DIRECTION('',(0.,0.,1.));
#2894=DIRECTION('',(-1.,0.,0.));
#2895=DIRECTION('center_axis',(1.,0.,0.));
#2896=DIRECTION('ref_axis',(0.,1.,0.));
#2897=DIRECTION('',(0.,1.,0.));
#2898=DIRECTION('',(0.,1.,0.));
#2899=DIRECTION('center_axis',(0.,0.,1.));
#2900=DIRECTION('ref_axis',(1.,0.,0.));
#2901=DIRECTION('center_axis',(0.,0.,1.));
#2902=DIRECTION('ref_axis',(1.,0.,0.));
#2903=DIRECTION('center_axis',(-1.,0.,0.));
#2904=DIRECTION('ref_axis',(0.,1.,0.));
#2905=DIRECTION('center_axis',(-1.,0.,0.));
#2906=DIRECTION('ref_axis',(0.,1.,0.));
#2907=DIRECTION('',(-1.,0.,0.));
#2908=DIRECTION('center_axis',(1.,0.,0.));
#2909=DIRECTION('ref_axis',(0.,1.,0.));
#2910=DIRECTION('center_axis',(1.,0.,0.));
#2911=DIRECTION('ref_axis',(0.,0.,1.));
#2912=DIRECTION('',(0.,0.,-1.));
#2913=DIRECTION('',(0.,-1.,0.));
#2914=DIRECTION('',(0.,0.,1.));
#2915=DIRECTION('',(0.,-1.,0.));
#2916=DIRECTION('center_axis',(0.,0.,-1.));
#2917=DIRECTION('ref_axis',(1.,0.,0.));
#2918=DIRECTION('',(-1.,0.,0.));
#2919=DIRECTION('',(1.,0.,0.));
#2920=DIRECTION('',(0.,-1.,0.));
#2921=DIRECTION('center_axis',(-1.,0.,0.));
#2922=DIRECTION('ref_axis',(0.,0.,-1.));
#2923=DIRECTION('',(0.,0.,1.));
#2924=DIRECTION('',(0.,0.,-1.));
#2925=DIRECTION('',(0.,-1.,0.));
#2926=DIRECTION('center_axis',(0.,0.,1.));
#2927=DIRECTION('ref_axis',(-1.,0.,0.));
#2928=DIRECTION('',(1.,0.,0.));
#2929=DIRECTION('',(-1.,0.,0.));
#2930=DIRECTION('center_axis',(0.,-1.,0.));
#2931=DIRECTION('ref_axis',(0.,0.,-1.));
#2932=DIRECTION('center_axis',(0.,-1.,0.));
#2933=DIRECTION('ref_axis',(1.,0.,0.));
#2934=DIRECTION('center_axis',(1.,0.,0.));
#2935=DIRECTION('ref_axis',(0.,-1.,0.));
#2936=DIRECTION('center_axis',(1.,0.,0.));
#2937=DIRECTION('ref_axis',(0.,-1.,0.));
#2938=DIRECTION('',(1.,0.,0.));
#2939=DIRECTION('center_axis',(-1.,0.,0.));
#2940=DIRECTION('ref_axis',(0.,-1.,0.));
#2941=DIRECTION('center_axis',(0.,0.,1.));
#2942=DIRECTION('ref_axis',(-1.,0.,0.));
#2943=DIRECTION('',(-1.,0.,0.));
#2944=DIRECTION('',(0.,-1.,0.));
#2945=DIRECTION('',(-1.,0.,0.));
#2946=DIRECTION('',(0.,-1.,0.));
#2947=DIRECTION('center_axis',(1.,0.,0.));
#2948=DIRECTION('ref_axis',(0.,0.,1.));
#2949=DIRECTION('',(0.,0.,1.));
#2950=DIRECTION('',(0.,0.,1.));
#2951=DIRECTION('',(0.,-1.,0.));
#2952=DIRECTION('center_axis',(0.,0.,-1.));
#2953=DIRECTION('ref_axis',(1.,0.,0.));
#2954=DIRECTION('',(1.,0.,0.));
#2955=DIRECTION('',(1.,0.,0.));
#2956=DIRECTION('',(0.,-1.,0.));
#2957=DIRECTION('center_axis',(-1.,0.,0.));
#2958=DIRECTION('ref_axis',(0.,0.,-1.));
#2959=DIRECTION('',(0.,0.,-1.));
#2960=DIRECTION('',(0.,0.,-1.));
#2961=DIRECTION('center_axis',(0.,-1.,0.));
#2962=DIRECTION('ref_axis',(0.,0.,-1.));
#2963=DIRECTION('center_axis',(0.,-1.,0.));
#2964=DIRECTION('ref_axis',(1.,0.,0.));
#2965=DIRECTION('center_axis',(1.,0.,0.));
#2966=DIRECTION('ref_axis',(0.,-1.,0.));
#2967=DIRECTION('center_axis',(1.,0.,0.));
#2968=DIRECTION('ref_axis',(0.,-1.,0.));
#2969=DIRECTION('',(1.,0.,0.));
#2970=DIRECTION('center_axis',(-1.,0.,0.));
#2971=DIRECTION('ref_axis',(0.,-1.,0.));
#2972=DIRECTION('center_axis',(-1.,0.,0.));
#2973=DIRECTION('ref_axis',(0.,0.,1.));
#2974=DIRECTION('',(0.,0.,-1.));
#2975=DIRECTION('',(0.,1.,0.));
#2976=DIRECTION('',(0.,0.,1.));
#2977=DIRECTION('',(0.,1.,0.));
#2978=DIRECTION('center_axis',(0.,0.,-1.));
#2979=DIRECTION('ref_axis',(-1.,0.,0.));
#2980=DIRECTION('',(1.,0.,0.));
#2981=DIRECTION('',(-1.,0.,0.));
#2982=DIRECTION('',(0.,1.,0.));
#2983=DIRECTION('center_axis',(1.,0.,0.));
#2984=DIRECTION('ref_axis',(0.,0.,-1.));
#2985=DIRECTION('',(0.,0.,1.));
#2986=DIRECTION('',(0.,0.,-1.));
#2987=DIRECTION('',(0.,1.,0.));
#2988=DIRECTION('center_axis',(0.,0.,1.));
#2989=DIRECTION('ref_axis',(1.,0.,0.));
#2990=DIRECTION('',(-1.,0.,0.));
#2991=DIRECTION('',(1.,0.,0.));
#2992=DIRECTION('center_axis',(0.,1.,0.));
#2993=DIRECTION('ref_axis',(0.,0.,1.));
#2994=DIRECTION('center_axis',(0.,1.,0.));
#2995=DIRECTION('ref_axis',(-1.,0.,0.));
#2996=DIRECTION('axis',(0.,0.,1.));
#2997=DIRECTION('refdir',(1.,0.,0.));
#2998=DIRECTION('center_axis',(-1.,0.,0.));
#2999=DIRECTION('ref_axis',(0.,1.,0.));
#3000=DIRECTION('',(0.,-1.,0.));
#3001=DIRECTION('',(0.,0.,-1.));
#3002=DIRECTION('',(0.,1.,0.));
#3003=DIRECTION('',(0.,0.,-1.));
#3004=DIRECTION('center_axis',(0.,-1.,0.));
#3005=DIRECTION('ref_axis',(-1.,0.,0.));
#3006=DIRECTION('',(1.,0.,0.));
#3007=DIRECTION('',(-1.,0.,0.));
#3008=DIRECTION('',(0.,0.,-1.));
#3009=DIRECTION('center_axis',(1.,0.,0.));
#3010=DIRECTION('ref_axis',(0.,-1.,0.));
#3011=DIRECTION('',(0.,1.,0.));
#3012=DIRECTION('',(0.,-1.,0.));
#3013=DIRECTION('',(0.,0.,-1.));
#3014=DIRECTION('center_axis',(0.,1.,0.));
#3015=DIRECTION('ref_axis',(1.,0.,0.));
#3016=DIRECTION('',(-1.,0.,0.));
#3017=DIRECTION('',(1.,0.,0.));
#3018=DIRECTION('center_axis',(0.,0.,-1.));
#3019=DIRECTION('ref_axis',(-1.,0.,0.));
#3020=DIRECTION('center_axis',(0.,0.,-1.));
#3021=DIRECTION('ref_axis',(-1.,0.,0.));
#3022=DIRECTION('',(0.,0.,-1.));
#3023=DIRECTION('center_axis',(0.,0.,1.));
#3024=DIRECTION('ref_axis',(-1.,0.,0.));
#3025=DIRECTION('center_axis',(0.,0.,-1.));
#3026=DIRECTION('ref_axis',(-1.,0.,0.));
#3027=DIRECTION('center_axis',(0.,0.,-1.));
#3028=DIRECTION('ref_axis',(-1.,0.,0.));
#3029=DIRECTION('',(0.,0.,-1.));
#3030=DIRECTION('center_axis',(0.,0.,1.));
#3031=DIRECTION('ref_axis',(-1.,0.,0.));
#3032=DIRECTION('center_axis',(0.,-1.,0.));
#3033=DIRECTION('ref_axis',(-1.,0.,0.));
#3034=DIRECTION('',(1.,0.,0.));
#3035=DIRECTION('',(0.,0.,-1.));
#3036=DIRECTION('',(-1.,0.,0.));
#3037=DIRECTION('',(0.,0.,-1.));
#3038=DIRECTION('center_axis',(1.,0.,0.));
#3039=DIRECTION('ref_axis',(0.,-1.,0.));
#3040=DIRECTION('',(0.,1.,0.));
#3041=DIRECTION('',(0.,-1.,0.));
#3042=DIRECTION('',(0.,0.,-1.));
#3043=DIRECTION('center_axis',(0.,1.,0.));
#3044=DIRECTION('ref_axis',(1.,0.,0.));
#3045=DIRECTION('',(-1.,0.,0.));
#3046=DIRECTION('',(1.,0.,0.));
#3047=DIRECTION('',(0.,0.,-1.));
#3048=DIRECTION('center_axis',(-1.,0.,0.));
#3049=DIRECTION('ref_axis',(0.,1.,0.));
#3050=DIRECTION('',(0.,-1.,0.));
#3051=DIRECTION('',(0.,1.,0.));
#3052=DIRECTION('center_axis',(0.,0.,-1.));
#3053=DIRECTION('ref_axis',(-1.,0.,0.));
#3054=DIRECTION('center_axis',(0.,0.,-1.));
#3055=DIRECTION('ref_axis',(-1.,0.,0.));
#3056=DIRECTION('',(0.,0.,-1.));
#3057=DIRECTION('center_axis',(0.,0.,1.));
#3058=DIRECTION('ref_axis',(-1.,0.,0.));
#3059=DIRECTION('center_axis',(0.,0.,-1.));
#3060=DIRECTION('ref_axis',(-1.,0.,0.));
#3061=DIRECTION('center_axis',(0.,0.,-1.));
#3062=DIRECTION('ref_axis',(-1.,0.,0.));
#3063=DIRECTION('',(0.,0.,-1.));
#3064=DIRECTION('center_axis',(0.,0.,1.));
#3065=DIRECTION('ref_axis',(-1.,0.,0.));
#3066=DIRECTION('center_axis',(-1.,0.,0.));
#3067=DIRECTION('ref_axis',(0.,1.,0.));
#3068=DIRECTION('',(0.,-1.,0.));
#3069=DIRECTION('',(0.,0.,-1.));
#3070=DIRECTION('',(0.,1.,0.));
#3071=DIRECTION('',(0.,0.,-1.));
#3072=DIRECTION('center_axis',(0.,-1.,0.));
#3073=DIRECTION('ref_axis',(-1.,0.,0.));
#3074=DIRECTION('',(1.,0.,0.));
#3075=DIRECTION('',(-1.,0.,0.));
#3076=DIRECTION('',(0.,0.,-1.));
#3077=DIRECTION('',(-1.,0.,0.));
#3078=DIRECTION('',(0.,0.,-1.));
#3079=DIRECTION('center_axis',(0.,1.,0.));
#3080=DIRECTION('ref_axis',(1.,0.,0.));
#3081=DIRECTION('',(-1.,0.,0.));
#3082=DIRECTION('',(0.,0.,1.));
#3083=DIRECTION('',(1.,0.,0.));
#3084=DIRECTION('',(0.,0.,-1.));
#3085=DIRECTION('',(1.,0.,0.));
#3086=DIRECTION('center_axis',(1.,0.,0.));
#3087=DIRECTION('ref_axis',(0.,-1.,0.));
#3088=DIRECTION('',(0.,-1.,0.));
#3089=DIRECTION('',(0.,-1.,0.));
#3090=DIRECTION('center_axis',(0.,0.,-1.));
#3091=DIRECTION('ref_axis',(-1.,0.,0.));
#3092=DIRECTION('',(-5.73462306108035E-17,1.,0.));
#3093=DIRECTION('center_axis',(0.,0.,1.));
#3094=DIRECTION('ref_axis',(-1.,0.,0.));
#3095=DIRECTION('',(5.73462306108035E-17,-1.,0.));
#3096=DIRECTION('',(-1.,1.79793202368446E-16,0.));
#3097=DIRECTION('',(1.83507937954571E-16,1.,0.));
#3098=DIRECTION('',(1.,0.,0.));
#3099=DIRECTION('',(5.73462306108035E-17,-1.,0.));
#3100=DIRECTION('center_axis',(1.,-1.83507937954571E-16,0.));
#3101=DIRECTION('ref_axis',(-1.83507937954571E-16,-1.,0.));
#3102=DIRECTION('',(0.,0.,-1.));
#3103=DIRECTION('',(-1.83507937954571E-16,-1.,0.));
#3104=DIRECTION('',(0.,0.,-1.));
#3105=DIRECTION('center_axis',(0.,-1.,0.));
#3106=DIRECTION('ref_axis',(-1.,0.,0.));
#3107=DIRECTION('',(-1.,0.,0.));
#3108=DIRECTION('',(0.,0.,-1.));
#3109=DIRECTION('center_axis',(-1.,-5.73462306108035E-17,0.));
#3110=DIRECTION('ref_axis',(-5.73462306108035E-17,1.,0.));
#3111=DIRECTION('',(-5.73462306108035E-17,1.,0.));
#3112=DIRECTION('',(0.,0.,-1.));
#3113=DIRECTION('center_axis',(1.79793202368446E-16,1.,0.));
#3114=DIRECTION('ref_axis',(1.,-1.79793202368446E-16,0.));
#3115=DIRECTION('',(1.,-1.79793202368446E-16,0.));
#3116=DIRECTION('center_axis',(1.,0.,0.));
#3117=DIRECTION('ref_axis',(0.,-1.,0.));
#3118=DIRECTION('',(0.,1.,0.));
#3119=DIRECTION('',(0.,0.,-1.));
#3120=DIRECTION('',(0.,-1.,0.));
#3121=DIRECTION('',(0.,0.,-1.));
#3122=DIRECTION('center_axis',(0.,1.,0.));
#3123=DIRECTION('ref_axis',(1.,0.,0.));
#3124=DIRECTION('',(-1.,0.,0.));
#3125=DIRECTION('',(1.,0.,0.));
#3126=DIRECTION('',(0.,0.,-1.));
#3127=DIRECTION('center_axis',(-1.,0.,0.));
#3128=DIRECTION('ref_axis',(0.,1.,0.));
#3129=DIRECTION('',(0.,-1.,0.));
#3130=DIRECTION('',(0.,1.,0.));
#3131=DIRECTION('',(0.,0.,-1.));
#3132=DIRECTION('center_axis',(0.,-1.,0.));
#3133=DIRECTION('ref_axis',(-1.,0.,0.));
#3134=DIRECTION('',(1.,0.,0.));
#3135=DIRECTION('',(-1.,0.,0.));
#3136=DIRECTION('center_axis',(0.,0.,-1.));
#3137=DIRECTION('ref_axis',(-1.,0.,0.));
#3138=DIRECTION('center_axis',(0.,0.,1.));
#3139=DIRECTION('ref_axis',(-1.,0.,0.));
#3140=DIRECTION('',(1.,0.,0.));
#3141=DIRECTION('',(0.,-1.,0.));
#3142=DIRECTION('',(-1.,0.,0.));
#3143=DIRECTION('',(0.,1.,0.));
#3144=DIRECTION('center_axis',(0.,1.,0.));
#3145=DIRECTION('ref_axis',(-1.,0.,0.));
#3146=DIRECTION('',(0.,0.,1.));
#3147=DIRECTION('',(0.,0.,1.));
#3148=DIRECTION('',(-1.,0.,0.));
#3149=DIRECTION('center_axis',(1.,0.,0.));
#3150=DIRECTION('ref_axis',(0.,1.,0.));
#3151=DIRECTION('',(0.,0.,1.));
#3152=DIRECTION('',(0.,1.,0.));
#3153=DIRECTION('center_axis',(0.,-1.,0.));
#3154=DIRECTION('ref_axis',(1.,0.,0.));
#3155=DIRECTION('',(0.,0.,1.));
#3156=DIRECTION('',(1.,0.,0.));
#3157=DIRECTION('center_axis',(-1.,0.,0.));
#3158=DIRECTION('ref_axis',(0.,-1.,0.));
#3159=DIRECTION('',(0.,-1.,0.));
#3160=DIRECTION('center_axis',(0.,0.,1.));
#3161=DIRECTION('ref_axis',(1.,0.,0.));
#3162=DIRECTION('axis',(0.,0.,1.));
#3163=DIRECTION('refdir',(1.,0.,0.));
#3164=DIRECTION('center_axis',(-1.,0.,0.));
#3165=DIRECTION('ref_axis',(0.,-1.,0.));
#3166=DIRECTION('',(0.,1.,0.));
#3167=DIRECTION('',(0.,0.,1.));
#3168=DIRECTION('',(0.,-1.,0.));
#3169=DIRECTION('',(0.,0.,1.));
#3170=DIRECTION('center_axis',(0.,-1.,0.));
#3171=DIRECTION('ref_axis',(1.,0.,0.));
#3172=DIRECTION('',(-1.,0.,0.));
#3173=DIRECTION('',(1.,0.,0.));
#3174=DIRECTION('',(0.,0.,1.));
#3175=DIRECTION('center_axis',(1.,0.,0.));
#3176=DIRECTION('ref_axis',(0.,1.,0.));
#3177=DIRECTION('',(0.,-1.,0.));
#3178=DIRECTION('',(0.,1.,0.));
#3179=DIRECTION('',(0.,0.,1.));
#3180=DIRECTION('center_axis',(0.,1.,0.));
#3181=DIRECTION('ref_axis',(-1.,0.,0.));
#3182=DIRECTION('',(1.,0.,0.));
#3183=DIRECTION('',(-1.,0.,0.));
#3184=DIRECTION('center_axis',(4.15813876299401E-17,1.,0.));
#3185=DIRECTION('ref_axis',(-1.,4.15813876299401E-17,0.));
#3186=DIRECTION('',(1.,-4.15813876299401E-17,0.));
#3187=DIRECTION('',(0.,0.,1.));
#3188=DIRECTION('',(-1.,4.15813876299401E-17,0.));
#3189=DIRECTION('',(0.,0.,1.));
#3190=DIRECTION('center_axis',(1.,0.,0.));
#3191=DIRECTION('ref_axis',(0.,1.,0.));
#3192=DIRECTION('',(0.,-1.,0.));
#3193=DIRECTION('',(0.,1.,0.));
#3194=DIRECTION('',(0.,0.,1.));
#3195=DIRECTION('center_axis',(0.,-1.,0.));
#3196=DIRECTION('ref_axis',(1.,0.,0.));
#3197=DIRECTION('',(-1.,0.,0.));
#3198=DIRECTION('',(1.,0.,0.));
#3199=DIRECTION('',(0.,0.,1.));
#3200=DIRECTION('center_axis',(-1.,0.,0.));
#3201=DIRECTION('ref_axis',(0.,-1.,0.));
#3202=DIRECTION('',(0.,1.,0.));
#3203=DIRECTION('',(0.,-1.,0.));
#3204=DIRECTION('center_axis',(0.,0.,-1.));
#3205=DIRECTION('ref_axis',(-1.,0.,0.));
#3206=DIRECTION('center_axis',(0.,0.,1.));
#3207=DIRECTION('ref_axis',(1.,0.,0.));
#3208=DIRECTION('center_axis',(-1.,0.,0.));
#3209=DIRECTION('ref_axis',(0.,-1.,0.));
#3210=DIRECTION('',(0.,1.,0.));
#3211=DIRECTION('',(0.,0.,1.));
#3212=DIRECTION('',(0.,-1.,0.));
#3213=DIRECTION('',(0.,0.,1.));
#3214=DIRECTION('center_axis',(0.,-1.,0.));
#3215=DIRECTION('ref_axis',(1.,0.,0.));
#3216=DIRECTION('',(-1.,0.,0.));
#3217=DIRECTION('',(1.,0.,0.));
#3218=DIRECTION('',(0.,0.,1.));
#3219=DIRECTION('center_axis',(1.,0.,0.));
#3220=DIRECTION('ref_axis',(0.,1.,0.));
#3221=DIRECTION('',(0.,-1.,0.));
#3222=DIRECTION('',(0.,1.,0.));
#3223=DIRECTION('',(0.,0.,1.));
#3224=DIRECTION('center_axis',(0.,1.,0.));
#3225=DIRECTION('ref_axis',(-1.,0.,0.));
#3226=DIRECTION('',(1.,0.,0.));
#3227=DIRECTION('',(-1.,0.,0.));
#3228=DIRECTION('center_axis',(4.15813876299401E-17,1.,0.));
#3229=DIRECTION('ref_axis',(-1.,4.15813876299401E-17,0.));
#3230=DIRECTION('',(1.,-4.15813876299401E-17,0.));
#3231=DIRECTION('',(0.,0.,1.));
#3232=DIRECTION('',(-1.,4.15813876299401E-17,0.));
#3233=DIRECTION('',(0.,0.,1.));
#3234=DIRECTION('center_axis',(1.,0.,0.));
#3235=DIRECTION('ref_axis',(0.,1.,0.));
#3236=DIRECTION('',(0.,-1.,0.));
#3237=DIRECTION('',(0.,1.,0.));
#3238=DIRECTION('',(0.,0.,1.));
#3239=DIRECTION('center_axis',(0.,-1.,0.));
#3240=DIRECTION('ref_axis',(1.,0.,0.));
#3241=DIRECTION('',(-1.,0.,0.));
#3242=DIRECTION('',(1.,0.,0.));
#3243=DIRECTION('',(0.,0.,1.));
#3244=DIRECTION('center_axis',(-1.,0.,0.));
#3245=DIRECTION('ref_axis',(0.,-1.,0.));
#3246=DIRECTION('',(0.,1.,0.));
#3247=DIRECTION('',(0.,-1.,0.));
#3248=DIRECTION('center_axis',(0.,0.,-1.));
#3249=DIRECTION('ref_axis',(-1.,0.,0.));
#3250=DIRECTION('center_axis',(0.,0.,1.));
#3251=DIRECTION('ref_axis',(1.,0.,0.));
#3252=DIRECTION('',(0.,0.,1.));
#3253=DIRECTION('',(1.,0.,0.));
#3254=DIRECTION('',(0.,0.,1.));
#3255=DIRECTION('',(1.,0.,0.));
#3256=DIRECTION('',(0.,0.,1.));
#3257=DIRECTION('',(1.,0.,0.));
#3258=CARTESIAN_POINT('',(0.,0.,0.));
#3259=CARTESIAN_POINT('',(0.,0.,0.));
#3260=CARTESIAN_POINT('Origin',(-16.0000002384186,3.,3.));
#3261=CARTESIAN_POINT('',(-16.0000002384186,2.1,3.));
#3262=CARTESIAN_POINT('Origin',(-16.,3.,3.));
#3263=CARTESIAN_POINT('',(-19.0000002384186,2.1,3.));
#3264=CARTESIAN_POINT('',(-16.0000002384186,2.1,3.));
#3265=CARTESIAN_POINT('Origin',(-19.,3.,3.));
#3266=CARTESIAN_POINT('Origin',(-19.,0.,5.5));
#3267=CARTESIAN_POINT('',(-16.,0.,5.5));
#3268=CARTESIAN_POINT('',(-19.,0.,5.5));
#3269=CARTESIAN_POINT('',(-9.5,0.,5.5));
#3270=CARTESIAN_POINT('',(-16.,6.,5.5));
#3271=CARTESIAN_POINT('',(-16.,0.,5.5));
#3272=CARTESIAN_POINT('',(-19.,6.,5.5));
#3273=CARTESIAN_POINT('',(-19.,6.,5.5));
#3274=CARTESIAN_POINT('',(-19.,0.,5.5));
#3275=CARTESIAN_POINT('Origin',(-19.,0.,0.));
#3276=CARTESIAN_POINT('',(-19.,0.,0.));
#3277=CARTESIAN_POINT('',(-19.,0.,0.));
#3278=CARTESIAN_POINT('',(-19.,6.,0.));
#3279=CARTESIAN_POINT('',(-19.,6.,0.));
#3280=CARTESIAN_POINT('',(-19.,0.,0.));
#3281=CARTESIAN_POINT('Origin',(-16.,0.,5.5));
#3282=CARTESIAN_POINT('',(-16.,0.,0.));
#3283=CARTESIAN_POINT('',(-16.,0.,2.75));
#3284=CARTESIAN_POINT('',(-16.,6.,0.));
#3285=CARTESIAN_POINT('',(-16.,0.,0.));
#3286=CARTESIAN_POINT('',(-16.,6.,5.5));
#3287=CARTESIAN_POINT('Origin',(-17.5,6.,2.75));
#3288=CARTESIAN_POINT('',(-16.,6.,0.));
#3289=CARTESIAN_POINT('Origin',(-18.0000001192093,-50.0000007450581,2.4));
#3290=CARTESIAN_POINT('',(-18.0000001192093,-50.0000007450581,2.4));
#3291=CARTESIAN_POINT('',(-18.0000001192093,-40.0000007450581,2.4));
#3292=CARTESIAN_POINT('',(-18.0000001192093,-39.450000372529,2.4));
#3293=CARTESIAN_POINT('',(-18.0000001192093,-50.0000007450581,-2.22044604925031E-15));
#3294=CARTESIAN_POINT('',(-18.0000001192093,-50.0000007450581,2.4));
#3295=CARTESIAN_POINT('',(-18.0000001192093,-40.0000007450581,-2.22044604925031E-15));
#3296=CARTESIAN_POINT('',(-18.0000001192093,-39.450000372529,0.));
#3297=CARTESIAN_POINT('',(-18.0000001192093,-40.0000007450581,2.4));
#3298=CARTESIAN_POINT('Origin',(-8.00000011920929,-50.0000007450581,2.4));
#3299=CARTESIAN_POINT('',(-8.00000011920929,-50.0000007450581,2.4));
#3300=CARTESIAN_POINT('',(-18.7000000596046,-50.0000007450581,2.4));
#3301=CARTESIAN_POINT('',(-8.00000011920929,-50.0000007450581,-2.22044604925031E-15));
#3302=CARTESIAN_POINT('',(-8.00000011920929,-50.0000007450581,2.4));
#3303=CARTESIAN_POINT('',(-18.7000000596046,-50.0000007450581,0.));
#3304=CARTESIAN_POINT('Origin',(-8.00000011920929,-40.0000007450581,2.4));
#3305=CARTESIAN_POINT('',(-8.00000011920929,-40.0000007450581,2.4));
#3306=CARTESIAN_POINT('',(-8.00000011920929,-34.450000372529,2.4));
#3307=CARTESIAN_POINT('',(-8.00000011920929,-40.0000007450581,-2.22044604925031E-15));
#3308=CARTESIAN_POINT('',(-8.00000011920929,-40.0000007450581,2.4));
#3309=CARTESIAN_POINT('',(-8.00000011920929,-34.450000372529,0.));
#3310=CARTESIAN_POINT('Origin',(-18.0000001192093,-40.0000007450581,2.4));
#3311=CARTESIAN_POINT('',(-23.7000000596046,-40.0000007450581,2.4));
#3312=CARTESIAN_POINT('',(-23.7000000596046,-40.0000007450581,0.));
#3313=CARTESIAN_POINT('Origin',(-11.6,-57.8,14.0000002086163));
#3314=CARTESIAN_POINT('',(-11.6,-57.8,14.0000002086163));
#3315=CARTESIAN_POINT('',(-11.6,-57.8,18.0000002086163));
#3316=CARTESIAN_POINT('',(-11.6,-57.8,7.00000010430813));
#3317=CARTESIAN_POINT('',(-11.6,-55.4,14.0000002086163));
#3318=CARTESIAN_POINT('',(-11.6,-57.8,14.0000002086163));
#3319=CARTESIAN_POINT('',(-11.6,-55.4,18.0000002086163));
#3320=CARTESIAN_POINT('',(-11.6,-55.4,27.5500001043081));
#3321=CARTESIAN_POINT('',(-11.6,-57.8,18.0000002086163));
#3322=CARTESIAN_POINT('Origin',(-2.6,-57.8,14.0000002086163));
#3323=CARTESIAN_POINT('',(-2.6,-57.8,14.0000002086163));
#3324=CARTESIAN_POINT('',(-30.7,-57.8,14.0000002086163));
#3325=CARTESIAN_POINT('',(-2.6,-55.4,14.0000002086163));
#3326=CARTESIAN_POINT('',(-2.6,-57.8,14.0000002086163));
#3327=CARTESIAN_POINT('',(-2.5,-55.4,14.0000002086163));
#3328=CARTESIAN_POINT('Origin',(-2.6,-57.8,18.0000002086163));
#3329=CARTESIAN_POINT('',(-2.6,-57.8,18.0000002086163));
#3330=CARTESIAN_POINT('',(-2.6,-57.8,9.00000010430813));
#3331=CARTESIAN_POINT('',(-2.6,-55.4,18.0000002086163));
#3332=CARTESIAN_POINT('',(-2.6,-57.8,18.0000002086163));
#3333=CARTESIAN_POINT('',(-2.6,-55.4,29.5500001043081));
#3334=CARTESIAN_POINT('Origin',(-11.6,-57.8,18.0000002086163));
#3335=CARTESIAN_POINT('',(-35.2,-57.8,18.0000002086163));
#3336=CARTESIAN_POINT('',(-7.,-55.4,18.0000002086163));
#3337=CARTESIAN_POINT('Origin',(-2.4,-52.500000782311,6.00000008940697));
#3338=CARTESIAN_POINT('',(-2.4,-55.4,6.7681176177859));
#3339=CARTESIAN_POINT('',(-2.4,-55.4,5.23188256102804));
#3340=CARTESIAN_POINT('',(-2.4,-55.4,41.1));
#3341=CARTESIAN_POINT('',(-2.4,-55.500000782311,6.00000008940697));
#3342=CARTESIAN_POINT('Origin',(-2.4,-52.500000782311,6.00000008940697));
#3343=CARTESIAN_POINT('Origin',(-2.4,-52.500000782311,6.00000008940697));
#3344=CARTESIAN_POINT('Origin',(0.,-52.500000782311,6.00000008940697));
#3345=CARTESIAN_POINT('',(0.,-55.500000782311,6.00000008940697));
#3346=CARTESIAN_POINT('Origin',(0.,-52.500000782311,6.00000008940697));
#3347=CARTESIAN_POINT('',(0.,-55.500000782311,6.00000008940697));
#3348=CARTESIAN_POINT('Origin',(-2.4,-52.500000782311,6.00000008940697));
#3349=CARTESIAN_POINT('Origin',(-58.8,-45.4,7.9));
#3350=CARTESIAN_POINT('',(-58.8,-45.4,7.9));
#3351=CARTESIAN_POINT('',(-58.8,-55.4,7.9));
#3352=CARTESIAN_POINT('',(-58.8,-22.7,7.9));
#3353=CARTESIAN_POINT('',(-56.4,-45.4,7.9));
#3354=CARTESIAN_POINT('',(-58.8,-45.4,7.9));
#3355=CARTESIAN_POINT('',(-56.4,-55.4,7.9));
#3356=CARTESIAN_POINT('',(-56.4,-50.4,7.9));
#3357=CARTESIAN_POINT('',(-58.8,-55.4,7.9));
#3358=CARTESIAN_POINT('Origin',(-58.8,-45.4,2.9));
#3359=CARTESIAN_POINT('',(-58.8,-45.4,2.9));
#3360=CARTESIAN_POINT('',(-58.8,-45.4,1.45));
#3361=CARTESIAN_POINT('',(-56.4,-45.4,2.9));
#3362=CARTESIAN_POINT('',(-58.8,-45.4,2.9));
#3363=CARTESIAN_POINT('',(-56.4,-45.4,22.));
#3364=CARTESIAN_POINT('Origin',(-58.8,-55.4,2.9));
#3365=CARTESIAN_POINT('',(-58.8,-55.4,2.9));
#3366=CARTESIAN_POINT('',(-58.8,-27.7,2.9));
#3367=CARTESIAN_POINT('',(-56.4,-55.4,2.9));
#3368=CARTESIAN_POINT('',(-58.8,-55.4,2.9));
#3369=CARTESIAN_POINT('',(-56.4,-55.4,2.9));
#3370=CARTESIAN_POINT('Origin',(-58.8,-12.4,20.55));
#3371=CARTESIAN_POINT('',(-58.8,-12.4,20.55));
#3372=CARTESIAN_POINT('',(-58.8,-12.4,14.05));
#3373=CARTESIAN_POINT('',(-58.8,-12.4,10.275));
#3374=CARTESIAN_POINT('',(-56.4,-12.4,20.55));
#3375=CARTESIAN_POINT('',(-58.8,-12.4,20.55));
#3376=CARTESIAN_POINT('',(-56.4,-12.4,14.05));
#3377=CARTESIAN_POINT('',(-56.4,-12.4,30.825));
#3378=CARTESIAN_POINT('',(-58.8,-12.4,14.05));
#3379=CARTESIAN_POINT('Origin',(-58.8,-2.4,20.55));
#3380=CARTESIAN_POINT('',(-58.8,-2.4,20.55));
#3381=CARTESIAN_POINT('',(-58.8,-1.2,20.55));
#3382=CARTESIAN_POINT('',(-56.4,-2.4,20.55));
#3383=CARTESIAN_POINT('',(-58.8,-2.4,20.55));
#3384=CARTESIAN_POINT('',(-56.4,-28.9,20.55));
#3385=CARTESIAN_POINT('Origin',(-58.8,-12.4,14.05));
#3386=CARTESIAN_POINT('',(-58.8,-2.4,14.05));
#3387=CARTESIAN_POINT('',(-58.8,-6.2,14.05));
#3388=CARTESIAN_POINT('',(-56.4,-2.4,14.05));
#3389=CARTESIAN_POINT('',(-56.4,-33.9,14.05));
#3390=CARTESIAN_POINT('',(-58.8,-2.4,14.05));
#3391=CARTESIAN_POINT('Origin',(-54.3999987840652,-53.399998806417,27.4));
#3392=CARTESIAN_POINT('',(-54.3999987840652,-53.399998806417,27.4));
#3393=CARTESIAN_POINT('',(-4.39999990165234,-53.399998806417,27.4));
#3394=CARTESIAN_POINT('',(-4.39999990165234,-53.399998806417,27.4));
#3395=CARTESIAN_POINT('',(-4.39999990165234,-53.399998806417,26.4));
#3396=CARTESIAN_POINT('',(-4.39999990165234,-53.399998806417,27.4));
#3397=CARTESIAN_POINT('',(-54.3999987840652,-53.399998806417,26.4));
#3398=CARTESIAN_POINT('',(-4.39999990165234,-53.399998806417,26.4));
#3399=CARTESIAN_POINT('',(-54.3999987840652,-53.399998806417,27.4));
#3400=CARTESIAN_POINT('Origin',(-54.3999987840652,-4.39999990165234,27.4));
#3401=CARTESIAN_POINT('',(-54.3999987840652,-4.39999990165234,27.4));
#3402=CARTESIAN_POINT('',(-54.3999987840652,-53.399998806417,27.4));
#3403=CARTESIAN_POINT('',(-54.3999987840652,-4.39999990165234,26.4));
#3404=CARTESIAN_POINT('',(-54.3999987840652,-53.399998806417,26.4));
#3405=CARTESIAN_POINT('',(-54.3999987840652,-4.39999990165234,27.4));
#3406=CARTESIAN_POINT('Origin',(-4.39999990165234,-4.39999990165234,27.4));
#3407=CARTESIAN_POINT('',(-4.39999990165234,-4.39999990165234,27.4));
#3408=CARTESIAN_POINT('',(-54.3999987840652,-4.39999990165234,27.4));
#3409=CARTESIAN_POINT('',(-4.39999990165234,-4.39999990165234,26.4));
#3410=CARTESIAN_POINT('',(-54.3999987840652,-4.39999990165234,26.4));
#3411=CARTESIAN_POINT('',(-4.39999990165234,-4.39999990165234,27.4));
#3412=CARTESIAN_POINT('Origin',(-4.39999990165234,-53.399998806417,27.4));
#3413=CARTESIAN_POINT('',(-4.39999990165234,-4.39999990165234,27.4));
#3414=CARTESIAN_POINT('',(-4.39999990165234,-4.39999990165234,26.4));
#3415=CARTESIAN_POINT('Origin',(-29.3999993428588,-28.8999993540347,26.4));
#3416=CARTESIAN_POINT('',(-2.39999994635582,-55.3999987617135,26.4));
#3417=CARTESIAN_POINT('',(-2.39999994635582,-2.39999994635582,26.4));
#3418=CARTESIAN_POINT('',(-2.4,-15.6499996770173,26.4));
#3419=CARTESIAN_POINT('',(-56.3999987393618,-55.3999987617135,26.4));
#3420=CARTESIAN_POINT('',(-15.8999996714294,-55.4,26.4));
#3421=CARTESIAN_POINT('',(-56.3999987393618,-2.39999994635582,26.4));
#3422=CARTESIAN_POINT('',(-56.4,-42.1499996770173,26.4));
#3423=CARTESIAN_POINT('',(-42.8999996714294,-2.4,26.4));
#3424=CARTESIAN_POINT('Origin',(-29.3999993428588,-28.8999993540347,27.4));
#3425=CARTESIAN_POINT('',(-2.39999994635582,-2.39999994635582,27.4));
#3426=CARTESIAN_POINT('',(-2.39999994635582,-55.3999987617135,27.4));
#3427=CARTESIAN_POINT('',(-2.4,-15.6499996770173,27.4));
#3428=CARTESIAN_POINT('',(-56.3999987393618,-2.39999994635582,27.4));
#3429=CARTESIAN_POINT('',(-42.8999996714294,-2.4,27.4));
#3430=CARTESIAN_POINT('',(-56.3999987393618,-55.3999987617135,27.4));
#3431=CARTESIAN_POINT('',(-56.4,-42.1499996770173,27.4));
#3432=CARTESIAN_POINT('',(-15.8999996714294,-55.4,27.4));
#3433=CARTESIAN_POINT('Origin',(-56.4,-2.4,41.1));
#3434=CARTESIAN_POINT('',(-56.4,-2.4,41.1));
#3435=CARTESIAN_POINT('',(-58.8,-2.4,7.025));
#3436=CARTESIAN_POINT('',(-56.3999987393618,-2.39999994635582,13.7));
#3437=CARTESIAN_POINT('',(-56.4,-2.4,41.1));
#3438=CARTESIAN_POINT('',(-2.39999994635582,-2.39999994635582,13.7));
#3439=CARTESIAN_POINT('',(-42.8999996714294,-2.4,13.7));
#3440=CARTESIAN_POINT('',(-2.4,-2.4,41.1));
#3441=CARTESIAN_POINT('Origin',(-56.4,-2.4,41.1));
#3442=CARTESIAN_POINT('',(-2.4,-2.4,41.1));
#3443=CARTESIAN_POINT('',(-2.4,-2.4,41.1));
#3444=CARTESIAN_POINT('',(-56.4,-2.4,41.1));
#3445=CARTESIAN_POINT('',(-42.9,-2.4,41.1));
#3446=CARTESIAN_POINT('',(-56.4,-2.4,41.1));
#3447=CARTESIAN_POINT('Origin',(-56.4,-55.4,41.1));
#3448=CARTESIAN_POINT('',(-56.3999987393618,-55.3999987617135,13.7));
#3449=CARTESIAN_POINT('',(-56.4,-55.4,41.1));
#3450=CARTESIAN_POINT('',(-56.4,-42.1499996770173,13.7));
#3451=CARTESIAN_POINT('Origin',(-2.4,-55.4,41.1));
#3452=CARTESIAN_POINT('',(-56.4,-55.4,41.1));
#3453=CARTESIAN_POINT('',(-56.4,-55.4,41.1));
#3454=CARTESIAN_POINT('',(-2.4,-55.4,41.1));
#3455=CARTESIAN_POINT('',(-15.9,-55.4,41.1));
#3456=CARTESIAN_POINT('',(-2.4,-55.4,41.1));
#3457=CARTESIAN_POINT('Origin',(-2.4,-55.4,41.1));
#3458=CARTESIAN_POINT('',(-2.39999994635582,-55.3999987617135,13.7));
#3459=CARTESIAN_POINT('',(-2.4,-55.4,41.1));
#3460=CARTESIAN_POINT('',(-15.8999996714294,-55.4,13.7));
#3461=CARTESIAN_POINT('Origin',(-2.4,-2.4,41.1));
#3462=CARTESIAN_POINT('',(-2.4,-15.6499996770173,13.7));
#3463=CARTESIAN_POINT('Origin',(-2.4,-2.4,41.1));
#3464=CARTESIAN_POINT('',(-2.4,-15.65,41.1));
#3465=CARTESIAN_POINT('Origin',(-4.39999873936176,-4.39999994635582,12.7));
#3466=CARTESIAN_POINT('',(-4.39999873936176,-4.39999994635582,12.7));
#3467=CARTESIAN_POINT('',(-4.39999873936176,-53.3999999463558,12.7));
#3468=CARTESIAN_POINT('',(-4.39999873936176,-4.39999994635582,12.7));
#3469=CARTESIAN_POINT('',(-4.39999873936176,-53.3999999463558,13.7));
#3470=CARTESIAN_POINT('',(-4.39999873936176,-53.3999999463558,12.7));
#3471=CARTESIAN_POINT('',(-4.39999873936176,-4.39999994635582,13.7));
#3472=CARTESIAN_POINT('',(-4.39999873936176,-4.39999994635582,13.7));
#3473=CARTESIAN_POINT('',(-4.39999873936176,-4.39999994635582,12.7));
#3474=CARTESIAN_POINT('Origin',(-54.3999987393618,-4.39999994635582,12.7));
#3475=CARTESIAN_POINT('',(-54.3999987393618,-4.39999994635582,12.7));
#3476=CARTESIAN_POINT('',(-54.3999987393618,-4.39999994635582,12.7));
#3477=CARTESIAN_POINT('',(-54.3999987393618,-4.39999994635582,13.7));
#3478=CARTESIAN_POINT('',(-54.3999987393618,-4.39999994635582,13.7));
#3479=CARTESIAN_POINT('',(-54.3999987393618,-4.39999994635582,12.7));
#3480=CARTESIAN_POINT('Origin',(-54.3999987393618,-53.3999999463558,12.7));
#3481=CARTESIAN_POINT('',(-54.3999987393618,-53.3999999463558,12.7));
#3482=CARTESIAN_POINT('',(-54.3999987393618,-53.3999999463558,12.7));
#3483=CARTESIAN_POINT('',(-54.3999987393618,-53.3999999463558,13.7));
#3484=CARTESIAN_POINT('',(-54.3999987393618,-53.3999999463558,13.7));
#3485=CARTESIAN_POINT('',(-54.3999987393618,-53.3999999463558,12.7));
#3486=CARTESIAN_POINT('Origin',(-4.39999873936176,-53.3999999463558,12.7));
#3487=CARTESIAN_POINT('',(-4.39999873936176,-53.3999999463558,12.7));
#3488=CARTESIAN_POINT('',(-4.39999873936176,-53.3999999463558,13.7));
#3489=CARTESIAN_POINT('Origin',(-29.3999993428588,-28.8999993540347,13.7));
#3490=CARTESIAN_POINT('Origin',(-29.3999993428588,-28.8999993540347,12.7));
#3491=CARTESIAN_POINT('',(-56.3999987393618,-2.39999994635582,12.7));
#3492=CARTESIAN_POINT('',(-56.3999987393618,-55.3999987617135,12.7));
#3493=CARTESIAN_POINT('',(-56.4,-42.1499996770173,12.7));
#3494=CARTESIAN_POINT('',(-2.39999994635582,-2.39999994635582,12.7));
#3495=CARTESIAN_POINT('',(-42.8999996714294,-2.4,12.7));
#3496=CARTESIAN_POINT('',(-2.39999994635582,-55.3999987617135,12.7));
#3497=CARTESIAN_POINT('',(-2.4,-15.6499996770173,12.7));
#3498=CARTESIAN_POINT('',(-15.8999996714294,-55.4,12.7));
#3499=CARTESIAN_POINT('Origin',(-56.4,-2.4,41.1));
#3500=CARTESIAN_POINT('',(-56.4,-2.4,2.4));
#3501=CARTESIAN_POINT('',(-56.4,-2.4,41.1));
#3502=CARTESIAN_POINT('',(-2.4,-2.4,2.4));
#3503=CARTESIAN_POINT('',(-2.4,-2.4,2.4));
#3504=CARTESIAN_POINT('',(-2.4,-2.4,41.1));
#3505=CARTESIAN_POINT('Origin',(-2.4,-2.4,41.1));
#3506=CARTESIAN_POINT('',(-2.4,-55.4,41.1));
#3507=CARTESIAN_POINT('',(-2.4,-55.4,2.4));
#3508=CARTESIAN_POINT('',(-2.4,-55.4,2.4));
#3509=CARTESIAN_POINT('',(-2.4,-55.4,41.1));
#3510=CARTESIAN_POINT('Origin',(-56.4,-55.4,41.1));
#3511=CARTESIAN_POINT('',(-56.4,-55.4,2.4));
#3512=CARTESIAN_POINT('',(-56.4,-55.4,41.1));
#3513=CARTESIAN_POINT('',(-56.4,-2.4,2.4));
#3514=CARTESIAN_POINT('',(-56.4,-55.4,41.1));
#3515=CARTESIAN_POINT('Origin',(-56.4,-55.4,41.1));
#3516=CARTESIAN_POINT('',(-56.4,-42.15,41.1));
#3517=CARTESIAN_POINT('Origin',(-2.4,-55.4,41.1));
#3518=CARTESIAN_POINT('',(-56.4,-55.4,2.4));
#3519=CARTESIAN_POINT('',(-58.8,-55.4,3.95));
#3520=CARTESIAN_POINT('Origin',(-29.4,-28.9,2.4));
#3521=CARTESIAN_POINT('Origin',(-58.8,-57.8,0.));
#3522=CARTESIAN_POINT('',(-58.8,-57.8,0.));
#3523=CARTESIAN_POINT('',(0.,-57.8,0.));
#3524=CARTESIAN_POINT('',(-58.8,-57.8,0.));
#3525=CARTESIAN_POINT('',(0.,-57.8,41.1));
#3526=CARTESIAN_POINT('',(0.,-57.8,0.));
#3527=CARTESIAN_POINT('',(-58.8,-57.8,41.1));
#3528=CARTESIAN_POINT('',(-58.8,-57.8,41.1));
#3529=CARTESIAN_POINT('',(-58.8,-57.8,0.));
#3530=CARTESIAN_POINT('Origin',(-58.8,0.,0.));
#3531=CARTESIAN_POINT('',(-58.8,0.,0.));
#3532=CARTESIAN_POINT('',(-58.8,0.,0.));
#3533=CARTESIAN_POINT('',(-58.8,0.,41.1));
#3534=CARTESIAN_POINT('',(-58.8,0.,41.1));
#3535=CARTESIAN_POINT('',(-58.8,0.,0.));
#3536=CARTESIAN_POINT('Origin',(0.,0.,0.));
#3537=CARTESIAN_POINT('',(0.,0.,0.));
#3538=CARTESIAN_POINT('',(0.,0.,41.1));
#3539=CARTESIAN_POINT('',(0.,0.,41.1));
#3540=CARTESIAN_POINT('',(0.,0.,0.));
#3541=CARTESIAN_POINT('',(0.,0.,0.));
#3542=CARTESIAN_POINT('',(0.,0.,0.));
#3543=CARTESIAN_POINT('Origin',(0.,-57.8,0.));
#3544=CARTESIAN_POINT('',(0.,-57.8,0.));
#3545=CARTESIAN_POINT('',(0.,-57.8,41.1));
#3546=CARTESIAN_POINT('Origin',(-29.4,-28.9,41.1));
#3547=CARTESIAN_POINT('Origin',(-29.4,-28.9,0.));
#3548=CARTESIAN_POINT('Origin',(-16.0000002384186,-60.8,3.));
#3549=CARTESIAN_POINT('',(-16.0000002384186,-61.7,3.));
#3550=CARTESIAN_POINT('Origin',(-16.0000002384186,-60.8,3.));
#3551=CARTESIAN_POINT('',(-19.0000002384186,-61.7,3.));
#3552=CARTESIAN_POINT('',(-16.0000002384186,-61.7,3.));
#3553=CARTESIAN_POINT('Origin',(-19.0000002384186,-60.8,3.));
#3554=CARTESIAN_POINT('Origin',(-16.0000002384186,-57.8,0.));
#3555=CARTESIAN_POINT('',(-16.0000002384186,-57.8,5.5));
#3556=CARTESIAN_POINT('',(-16.0000002384186,-57.8,0.));
#3557=CARTESIAN_POINT('',(-16.0000002384186,-57.8,5.5));
#3558=CARTESIAN_POINT('',(-16.0000002384186,-63.8,5.5));
#3559=CARTESIAN_POINT('',(-16.0000002384186,-57.8,5.5));
#3560=CARTESIAN_POINT('',(-16.0000002384186,-63.8,0.));
#3561=CARTESIAN_POINT('',(-16.0000002384186,-63.8,5.5));
#3562=CARTESIAN_POINT('',(-16.0000002384186,-57.8,0.));
#3563=CARTESIAN_POINT('Origin',(-19.0000002384186,-57.8,0.));
#3564=CARTESIAN_POINT('',(-19.0000002384186,-57.8,0.));
#3565=CARTESIAN_POINT('',(-16.0000002384186,-57.8,0.));
#3566=CARTESIAN_POINT('',(-19.0000002384186,-63.8,0.));
#3567=CARTESIAN_POINT('',(-16.0000002384186,-63.8,0.));
#3568=CARTESIAN_POINT('',(-19.0000002384186,-57.8,0.));
#3569=CARTESIAN_POINT('Origin',(-19.0000002384186,-57.8,5.5));
#3570=CARTESIAN_POINT('',(-19.0000002384186,-57.8,5.5));
#3571=CARTESIAN_POINT('',(-19.0000002384186,-57.8,0.));
#3572=CARTESIAN_POINT('',(-19.0000002384186,-63.8,5.5));
#3573=CARTESIAN_POINT('',(-19.0000002384186,-63.8,0.));
#3574=CARTESIAN_POINT('',(-19.0000002384186,-57.8,5.5));
#3575=CARTESIAN_POINT('Origin',(-16.0000002384186,-57.8,5.5));
#3576=CARTESIAN_POINT('',(-19.0000002384186,-57.8,5.5));
#3577=CARTESIAN_POINT('',(-19.0000002384186,-63.8,5.5));
#3578=CARTESIAN_POINT('Origin',(-17.5000002384186,-63.8,2.75));
#3579=CARTESIAN_POINT('Origin',(-17.5000002384186,-57.8,2.75));
#3580=CARTESIAN_POINT('Origin',(-42.8,-60.8,3.));
#3581=CARTESIAN_POINT('',(-42.8,-59.9,3.));
#3582=CARTESIAN_POINT('Origin',(-42.8,-60.8,3.));
#3583=CARTESIAN_POINT('',(-39.8,-59.9,3.));
#3584=CARTESIAN_POINT('',(-42.8,-59.9,3.));
#3585=CARTESIAN_POINT('Origin',(-39.8,-60.8,3.));
#3586=CARTESIAN_POINT('Origin',(-39.8,-57.8,5.50000008195639));
#3587=CARTESIAN_POINT('',(-39.8,-57.8,5.50000008195639));
#3588=CARTESIAN_POINT('',(-42.8,-57.8,5.50000008195639));
#3589=CARTESIAN_POINT('',(-39.8,-57.8,5.50000008195639));
#3590=CARTESIAN_POINT('',(-42.8,-63.8,5.50000008195639));
#3591=CARTESIAN_POINT('',(-42.8,-57.8,5.50000008195639));
#3592=CARTESIAN_POINT('',(-39.8,-63.8,5.50000008195639));
#3593=CARTESIAN_POINT('',(-39.8,-63.8,5.50000008195639));
#3594=CARTESIAN_POINT('',(-39.8,-57.8,5.50000008195639));
#3595=CARTESIAN_POINT('Origin',(-39.8,-57.8,0.));
#3596=CARTESIAN_POINT('',(-39.8,-57.8,0.));
#3597=CARTESIAN_POINT('',(-39.8,-57.8,0.));
#3598=CARTESIAN_POINT('',(-39.8,-63.8,0.));
#3599=CARTESIAN_POINT('',(-39.8,-63.8,0.));
#3600=CARTESIAN_POINT('',(-39.8,-57.8,0.));
#3601=CARTESIAN_POINT('Origin',(-42.8,-57.8,0.));
#3602=CARTESIAN_POINT('',(-42.8,-57.8,0.));
#3603=CARTESIAN_POINT('',(-42.8,-57.8,0.));
#3604=CARTESIAN_POINT('',(-42.8,-63.8,0.));
#3605=CARTESIAN_POINT('',(-42.8,-63.8,0.));
#3606=CARTESIAN_POINT('',(-42.8,-57.8,0.));
#3607=CARTESIAN_POINT('Origin',(-42.8,-57.8,5.50000008195639));
#3608=CARTESIAN_POINT('',(-42.8,-57.8,5.50000008195639));
#3609=CARTESIAN_POINT('',(-42.8,-63.8,5.50000008195639));
#3610=CARTESIAN_POINT('Origin',(-41.3,-63.8,2.75000004097819));
#3611=CARTESIAN_POINT('Origin',(-41.3,-57.8,2.75000004097819));
#3612=CARTESIAN_POINT('Origin',(-42.8,3.,3.));
#3613=CARTESIAN_POINT('',(-42.8,3.9,3.));
#3614=CARTESIAN_POINT('Origin',(-42.8,3.,3.));
#3615=CARTESIAN_POINT('',(-39.8,3.9,3.));
#3616=CARTESIAN_POINT('',(-42.8,3.9,3.));
#3617=CARTESIAN_POINT('Origin',(-39.8,3.,3.));
#3618=CARTESIAN_POINT('Origin',(-42.8,0.,0.));
#3619=CARTESIAN_POINT('',(-42.8,0.,5.5));
#3620=CARTESIAN_POINT('',(-42.8,0.,0.));
#3621=CARTESIAN_POINT('',(-42.8,0.,5.5));
#3622=CARTESIAN_POINT('',(-42.8,6.,5.5));
#3623=CARTESIAN_POINT('',(-42.8,0.,5.5));
#3624=CARTESIAN_POINT('',(-42.8,6.,0.));
#3625=CARTESIAN_POINT('',(-42.8,6.,5.5));
#3626=CARTESIAN_POINT('',(-42.8,0.,0.));
#3627=CARTESIAN_POINT('Origin',(-39.8,0.,0.));
#3628=CARTESIAN_POINT('',(-39.8,0.,0.));
#3629=CARTESIAN_POINT('',(-42.8,0.,0.));
#3630=CARTESIAN_POINT('',(-39.8,6.,0.));
#3631=CARTESIAN_POINT('',(-42.8,6.,0.));
#3632=CARTESIAN_POINT('',(-39.8,0.,0.));
#3633=CARTESIAN_POINT('Origin',(-39.8,0.,5.5));
#3634=CARTESIAN_POINT('',(-39.8,0.,5.5));
#3635=CARTESIAN_POINT('',(-39.8,0.,0.));
#3636=CARTESIAN_POINT('',(-39.8,6.,5.5));
#3637=CARTESIAN_POINT('',(-39.8,6.,0.));
#3638=CARTESIAN_POINT('',(-39.8,0.,5.5));
#3639=CARTESIAN_POINT('Origin',(-42.8,0.,5.5));
#3640=CARTESIAN_POINT('',(-39.8,0.,5.5));
#3641=CARTESIAN_POINT('',(-39.8,6.,5.5));
#3642=CARTESIAN_POINT('Origin',(-41.3,6.,2.75));
#3643=CARTESIAN_POINT('Origin',(-41.3,0.,2.75));
#3644=CARTESIAN_POINT('',(0.,0.,0.));
#3645=CARTESIAN_POINT('Origin',(-54.000000461936,-19.0000002831221,43.5));
#3646=CARTESIAN_POINT('',(-54.000000461936,-6.00000028312206,41.1));
#3647=CARTESIAN_POINT('',(-54.000000461936,-19.0000002831221,41.1));
#3648=CARTESIAN_POINT('',(-54.000000461936,-23.950000141561,41.1));
#3649=CARTESIAN_POINT('',(-54.000000461936,-6.00000028312206,43.5));
#3650=CARTESIAN_POINT('',(-54.000000461936,-6.00000028312206,43.5));
#3651=CARTESIAN_POINT('',(-54.000000461936,-19.0000002831221,43.5));
#3652=CARTESIAN_POINT('',(-54.000000461936,-23.950000141561,43.5));
#3653=CARTESIAN_POINT('',(-54.000000461936,-19.0000002831221,43.5));
#3654=CARTESIAN_POINT('Origin',(-31.000000461936,-19.0000002831221,43.5));
#3655=CARTESIAN_POINT('',(-31.000000461936,-19.0000002831221,41.1));
#3656=CARTESIAN_POINT('',(-30.200000230968,-19.0000002831221,41.1));
#3657=CARTESIAN_POINT('',(-31.000000461936,-19.0000002831221,43.5));
#3658=CARTESIAN_POINT('',(-30.200000230968,-19.0000002831221,43.5));
#3659=CARTESIAN_POINT('',(-31.000000461936,-19.0000002831221,43.5));
#3660=CARTESIAN_POINT('Origin',(-31.000000461936,-6.00000028312206,43.5));
#3661=CARTESIAN_POINT('',(-31.000000461936,-6.00000028312206,41.1));
#3662=CARTESIAN_POINT('',(-31.000000461936,-17.450000141561,41.1));
#3663=CARTESIAN_POINT('',(-31.000000461936,-6.00000028312206,43.5));
#3664=CARTESIAN_POINT('',(-31.000000461936,-17.450000141561,43.5));
#3665=CARTESIAN_POINT('',(-31.000000461936,-6.00000028312206,43.5));
#3666=CARTESIAN_POINT('Origin',(-54.000000461936,-6.00000028312206,43.5));
#3667=CARTESIAN_POINT('',(-41.700000230968,-6.00000028312206,41.1));
#3668=CARTESIAN_POINT('',(-41.700000230968,-6.00000028312206,43.5));
#3669=CARTESIAN_POINT('Origin',(-45.6355190553908,-32.6313015066556,43.5));
#3670=CARTESIAN_POINT('',(-44.3855190553908,-32.6313015066556,43.5));
#3671=CARTESIAN_POINT('Origin',(-45.6355190553908,-32.6313015066556,43.5));
#3672=CARTESIAN_POINT('',(-44.3855190553908,-32.6313015066556,41.1));
#3673=CARTESIAN_POINT('',(-44.3855190553908,-32.6313015066556,43.5));
#3674=CARTESIAN_POINT('Origin',(-45.6355190553908,-32.6313015066556,41.1));
#3675=CARTESIAN_POINT('Origin',(-50.6355190553908,-32.6313015066556,43.5));
#3676=CARTESIAN_POINT('',(-49.3855190553908,-32.6313015066556,43.5));
#3677=CARTESIAN_POINT('Origin',(-50.6355190553908,-32.6313015066556,43.5));
#3678=CARTESIAN_POINT('',(-49.3855190553908,-32.6313015066556,41.1));
#3679=CARTESIAN_POINT('',(-49.3855190553908,-32.6313015066556,43.5));
#3680=CARTESIAN_POINT('Origin',(-50.6355190553908,-32.6313015066556,41.1));
#3681=CARTESIAN_POINT('Origin',(-16.0000002384186,-19.0000002831221,43.5));
#3682=CARTESIAN_POINT('',(-28.0000002384186,-19.0000002831221,41.1));
#3683=CARTESIAN_POINT('',(-16.0000002384186,-19.0000002831221,41.1));
#3684=CARTESIAN_POINT('',(-22.7000001192093,-19.0000002831221,41.1));
#3685=CARTESIAN_POINT('',(-28.0000002384186,-19.0000002831221,43.5));
#3686=CARTESIAN_POINT('',(-28.0000002384186,-19.0000002831221,43.5));
#3687=CARTESIAN_POINT('',(-16.0000002384186,-19.0000002831221,43.5));
#3688=CARTESIAN_POINT('',(-22.7000001192093,-19.0000002831221,43.5));
#3689=CARTESIAN_POINT('',(-16.0000002384186,-19.0000002831221,43.5));
#3690=CARTESIAN_POINT('Origin',(-16.0000002384186,-7.00000028312206,43.5));
#3691=CARTESIAN_POINT('',(-16.0000002384186,-7.00000028312206,41.1));
#3692=CARTESIAN_POINT('',(-16.0000002384186,-17.950000141561,41.1));
#3693=CARTESIAN_POINT('',(-16.0000002384186,-7.00000028312206,43.5));
#3694=CARTESIAN_POINT('',(-16.0000002384186,-17.950000141561,43.5));
#3695=CARTESIAN_POINT('',(-16.0000002384186,-7.00000028312206,43.5));
#3696=CARTESIAN_POINT('Origin',(-28.0000002384186,-7.00000028312206,43.5));
#3697=CARTESIAN_POINT('',(-28.0000002384186,-7.00000028312206,41.1));
#3698=CARTESIAN_POINT('',(-28.7000001192093,-7.00000028312207,41.1));
#3699=CARTESIAN_POINT('',(-28.0000002384186,-7.00000028312206,43.5));
#3700=CARTESIAN_POINT('',(-28.7000001192093,-7.00000028312207,43.5));
#3701=CARTESIAN_POINT('',(-28.0000002384186,-7.00000028312206,43.5));
#3702=CARTESIAN_POINT('Origin',(-28.0000002384186,-19.0000002831221,43.5));
#3703=CARTESIAN_POINT('',(-28.0000002384186,-23.950000141561,41.1));
#3704=CARTESIAN_POINT('',(-28.0000002384186,-23.950000141561,43.5));
#3705=CARTESIAN_POINT('Origin',(-45.6355190553908,-37.6313015066555,43.5));
#3706=CARTESIAN_POINT('',(-44.3855190553908,-37.6313015066555,43.5));
#3707=CARTESIAN_POINT('Origin',(-45.6355190553908,-37.6313015066555,43.5));
#3708=CARTESIAN_POINT('',(-44.3855190553908,-37.6313015066555,41.1));
#3709=CARTESIAN_POINT('',(-44.3855190553908,-37.6313015066555,43.5));
#3710=CARTESIAN_POINT('Origin',(-45.6355190553908,-37.6313015066555,41.1));
#3711=CARTESIAN_POINT('Origin',(-50.6355190553908,-37.6313015066555,43.5));
#3712=CARTESIAN_POINT('',(-49.3855190553908,-37.6313015066555,43.5));
#3713=CARTESIAN_POINT('Origin',(-50.6355190553908,-37.6313015066555,43.5));
#3714=CARTESIAN_POINT('',(-49.3855190553908,-37.6313015066555,41.1));
#3715=CARTESIAN_POINT('',(-49.3855190553908,-37.6313015066555,43.5));
#3716=CARTESIAN_POINT('Origin',(-50.6355190553908,-37.6313015066555,41.1));
#3717=CARTESIAN_POINT('Origin',(-15.0000002235174,-19.0000002831221,43.5));
#3718=CARTESIAN_POINT('',(-15.0000002235174,-7.00000028312206,41.1));
#3719=CARTESIAN_POINT('',(-15.0000002235174,-19.0000002831221,41.1));
#3720=CARTESIAN_POINT('',(-15.0000002235174,-23.950000141561,41.1));
#3721=CARTESIAN_POINT('',(-15.0000002235174,-7.00000028312206,43.5));
#3722=CARTESIAN_POINT('',(-15.0000002235174,-7.00000028312206,43.5));
#3723=CARTESIAN_POINT('',(-15.0000002235174,-19.0000002831221,43.5));
#3724=CARTESIAN_POINT('',(-15.0000002235174,-23.950000141561,43.5));
#3725=CARTESIAN_POINT('',(-15.0000002235174,-19.0000002831221,43.5));
#3726=CARTESIAN_POINT('Origin',(-3.00000022351742,-19.0000002831221,43.5));
#3727=CARTESIAN_POINT('',(-4.7,-19.0000002831221,41.1));
#3728=CARTESIAN_POINT('',(-16.2000001117587,-19.0000002831221,41.1));
#3729=CARTESIAN_POINT('',(-3.00000022351742,-19.0000002831221,43.5));
#3730=CARTESIAN_POINT('',(-16.2000001117587,-19.0000002831221,43.5));
#3731=CARTESIAN_POINT('',(-3.00000022351742,-19.0000002831221,40.5));
#3732=CARTESIAN_POINT('',(-3.00000022351742,-19.0000002831221,43.5));
#3733=CARTESIAN_POINT('',(-4.7,-19.0000002831221,40.5));
#3734=CARTESIAN_POINT('',(-15.0000002235174,-19.0000002831221,40.5));
#3735=CARTESIAN_POINT('',(-4.7,-19.0000002831221,42.3));
#3736=CARTESIAN_POINT('Origin',(-15.0000002235174,-7.00000028312206,43.5));
#3737=CARTESIAN_POINT('',(-4.7,-7.00000028312206,41.1));
#3738=CARTESIAN_POINT('',(-22.2000001117587,-7.00000028312206,41.1));
#3739=CARTESIAN_POINT('',(-4.7,-7.00000028312206,40.5));
#3740=CARTESIAN_POINT('',(-4.7,-7.00000028312206,42.3));
#3741=CARTESIAN_POINT('',(-3.00000022351742,-7.00000028312206,40.5));
#3742=CARTESIAN_POINT('',(-3.00000022351742,-7.00000028312206,40.5));
#3743=CARTESIAN_POINT('',(-3.00000022351742,-7.00000028312206,43.5));
#3744=CARTESIAN_POINT('',(-3.00000022351742,-7.00000028312206,43.5));
#3745=CARTESIAN_POINT('',(-22.2000001117587,-7.00000028312206,43.5));
#3746=CARTESIAN_POINT('Origin',(-3.00000022351742,-7.00000028312206,43.5));
#3747=CARTESIAN_POINT('',(-3.00000022351742,-17.950000141561,43.5));
#3748=CARTESIAN_POINT('',(-3.00000022351742,-19.0000002831221,40.5));
#3749=CARTESIAN_POINT('Origin',(-9.00000022351742,-13.0000002831221,40.5));
#3750=CARTESIAN_POINT('',(-4.7,-33.050000141561,40.5));
#3751=CARTESIAN_POINT('Origin',(-29.4,-28.9,41.1));
#3752=CARTESIAN_POINT('',(-4.7,-53.1,41.1));
#3753=CARTESIAN_POINT('',(-4.7,-41.,41.1));
#3754=CARTESIAN_POINT('',(-54.1,-53.1,41.1));
#3755=CARTESIAN_POINT('',(-41.75,-53.1,41.1));
#3756=CARTESIAN_POINT('',(-54.1,-4.7,41.1));
#3757=CARTESIAN_POINT('',(-54.1,-16.8,41.1));
#3758=CARTESIAN_POINT('',(-4.7,-4.7,41.1));
#3759=CARTESIAN_POINT('',(-17.05,-4.7,41.1));
#3760=CARTESIAN_POINT('',(-4.7,-41.,41.1));
#3761=CARTESIAN_POINT('Origin',(-54.1,-4.7,41.1));
#3762=CARTESIAN_POINT('',(-54.1,-53.1,39.9));
#3763=CARTESIAN_POINT('',(-54.1,-53.1,41.1));
#3764=CARTESIAN_POINT('',(-54.1,-4.7,39.9));
#3765=CARTESIAN_POINT('',(-54.1,-4.7,39.9));
#3766=CARTESIAN_POINT('',(-54.1,-4.7,41.1));
#3767=CARTESIAN_POINT('Origin',(-4.7,-4.7,41.1));
#3768=CARTESIAN_POINT('',(-4.7,-4.7,39.9));
#3769=CARTESIAN_POINT('',(-4.7,-4.7,39.9));
#3770=CARTESIAN_POINT('',(-4.7,-4.7,41.1));
#3771=CARTESIAN_POINT('Origin',(-4.7,-53.1,41.1));
#3772=CARTESIAN_POINT('',(-4.7,-53.1,39.9));
#3773=CARTESIAN_POINT('',(-4.7,-53.1,39.9));
#3774=CARTESIAN_POINT('',(-4.7,-53.1,41.1));
#3775=CARTESIAN_POINT('Origin',(-54.1,-53.1,41.1));
#3776=CARTESIAN_POINT('',(-54.1,-53.1,39.9));
#3777=CARTESIAN_POINT('Origin',(-2.7,-2.7,41.1));
#3778=CARTESIAN_POINT('',(-2.7,-55.1,41.1));
#3779=CARTESIAN_POINT('',(-2.7,-2.7,41.1));
#3780=CARTESIAN_POINT('',(-2.7,-15.8,41.1));
#3781=CARTESIAN_POINT('',(-2.7,-55.1,39.9));
#3782=CARTESIAN_POINT('',(-2.7,-55.1,41.1));
#3783=CARTESIAN_POINT('',(-2.7,-2.7,39.9));
#3784=CARTESIAN_POINT('',(-2.7,-55.1,39.9));
#3785=CARTESIAN_POINT('',(-2.7,-2.7,41.1));
#3786=CARTESIAN_POINT('Origin',(-56.1,-2.7,41.1));
#3787=CARTESIAN_POINT('',(-56.1,-2.7,41.1));
#3788=CARTESIAN_POINT('',(-42.75,-2.7,41.1));
#3789=CARTESIAN_POINT('',(-56.1,-2.7,39.9));
#3790=CARTESIAN_POINT('',(-2.7,-2.7,39.9));
#3791=CARTESIAN_POINT('',(-56.1,-2.7,41.1));
#3792=CARTESIAN_POINT('Origin',(-56.1,-55.1,41.1));
#3793=CARTESIAN_POINT('',(-56.1,-55.1,41.1));
#3794=CARTESIAN_POINT('',(-56.1,-42.,41.1));
#3795=CARTESIAN_POINT('',(-56.1,-55.1,39.9));
#3796=CARTESIAN_POINT('',(-56.1,-2.7,39.9));
#3797=CARTESIAN_POINT('',(-56.1,-55.1,41.1));
#3798=CARTESIAN_POINT('Origin',(-2.7,-55.1,41.1));
#3799=CARTESIAN_POINT('',(-16.05,-55.1,41.1));
#3800=CARTESIAN_POINT('',(-56.1,-55.1,39.9));
#3801=CARTESIAN_POINT('Origin',(-29.4,-28.9,39.9));
#3802=CARTESIAN_POINT('Origin',(-29.4,-28.9,41.1));
#3803=CARTESIAN_POINT('',(-58.8,0.,41.1));
#3804=CARTESIAN_POINT('',(0.,0.,41.1));
#3805=CARTESIAN_POINT('',(-58.8,0.,41.1));
#3806=CARTESIAN_POINT('',(0.,-57.8,41.1));
#3807=CARTESIAN_POINT('',(0.,0.,41.1));
#3808=CARTESIAN_POINT('',(-58.8,-57.8,41.1));
#3809=CARTESIAN_POINT('',(0.,-57.8,41.1));
#3810=CARTESIAN_POINT('',(-58.8,-57.8,41.1));
#3811=CARTESIAN_POINT('Origin',(0.,0.,41.1));
#3812=CARTESIAN_POINT('',(0.,0.,43.5));
#3813=CARTESIAN_POINT('',(0.,0.,41.1));
#3814=CARTESIAN_POINT('',(-58.8,0.,43.5));
#3815=CARTESIAN_POINT('',(-58.8,0.,41.1));
#3816=CARTESIAN_POINT('',(-58.8,0.,43.5));
#3817=CARTESIAN_POINT('Origin',(0.,-57.8,41.1));
#3818=CARTESIAN_POINT('',(0.,-57.8,43.5));
#3819=CARTESIAN_POINT('',(0.,-57.8,41.1));
#3820=CARTESIAN_POINT('',(0.,0.,43.5));
#3821=CARTESIAN_POINT('Origin',(-58.8,-57.8,41.1));
#3822=CARTESIAN_POINT('',(-58.8,-57.8,43.5));
#3823=CARTESIAN_POINT('',(-58.8,-57.8,41.1));
#3824=CARTESIAN_POINT('',(0.,-57.8,43.5));
#3825=CARTESIAN_POINT('Origin',(-58.8,0.,41.1));
#3826=CARTESIAN_POINT('',(-58.8,-57.8,43.5));
#3827=CARTESIAN_POINT('Origin',(-29.4,-28.9,43.5));
#3828=CARTESIAN_POINT('',(0.,0.,0.));
#3829=CARTESIAN_POINT('Origin',(-8.59999980777502,-10.4999997653067,13.7));
#3830=CARTESIAN_POINT('',(-8.59999980777502,-22.4999997653067,13.7));
#3831=CARTESIAN_POINT('',(-8.59999980777502,-10.4999997653067,13.7));
#3832=CARTESIAN_POINT('',(-8.59999980777502,-22.4999997653067,13.7));
#3833=CARTESIAN_POINT('',(-8.59999980777502,-22.4999997653067,15.3));
#3834=CARTESIAN_POINT('',(-8.59999980777502,-22.4999997653067,13.7));
#3835=CARTESIAN_POINT('',(-8.59999980777502,-10.4999997653067,15.3));
#3836=CARTESIAN_POINT('',(-8.59999980777502,-22.4999997653067,15.3));
#3837=CARTESIAN_POINT('',(-8.59999980777502,-10.4999997653067,13.7));
#3838=CARTESIAN_POINT('Origin',(-13.099999807775,-10.4999997653067,13.7));
#3839=CARTESIAN_POINT('',(-13.099999807775,-10.4999997653067,13.7));
#3840=CARTESIAN_POINT('',(-8.59999980777502,-10.4999997653067,13.7));
#3841=CARTESIAN_POINT('',(-13.099999807775,-10.4999997653067,15.3));
#3842=CARTESIAN_POINT('',(-8.59999980777502,-10.4999997653067,15.3));
#3843=CARTESIAN_POINT('',(-13.099999807775,-10.4999997653067,13.7));
#3844=CARTESIAN_POINT('Origin',(-13.099999807775,-22.4999997653067,13.7));
#3845=CARTESIAN_POINT('',(-13.099999807775,-22.4999997653067,13.7));
#3846=CARTESIAN_POINT('',(-13.099999807775,-10.4999997653067,13.7));
#3847=CARTESIAN_POINT('',(-13.099999807775,-22.4999997653067,15.3));
#3848=CARTESIAN_POINT('',(-13.099999807775,-10.4999997653067,15.3));
#3849=CARTESIAN_POINT('',(-13.099999807775,-22.4999997653067,13.7));
#3850=CARTESIAN_POINT('Origin',(-8.59999980777502,-22.4999997653067,13.7));
#3851=CARTESIAN_POINT('',(-13.099999807775,-22.4999997653067,13.7));
#3852=CARTESIAN_POINT('',(-13.099999807775,-22.4999997653067,15.3));
#3853=CARTESIAN_POINT('Origin',(-2.69999994635582,-2.69999994635582,13.7));
#3854=CARTESIAN_POINT('',(-56.0999987393618,-2.69999994635582,13.7));
#3855=CARTESIAN_POINT('',(-2.69999994635582,-2.69999994635582,13.7));
#3856=CARTESIAN_POINT('',(-56.0999987393618,-2.69999994635582,13.7));
#3857=CARTESIAN_POINT('',(-56.0999987393618,-2.69999994635582,15.3));
#3858=CARTESIAN_POINT('',(-56.0999987393618,-2.69999994635582,13.7));
#3859=CARTESIAN_POINT('',(-2.69999994635582,-2.69999994635582,15.3));
#3860=CARTESIAN_POINT('',(-56.0999987393618,-2.69999994635582,15.3));
#3861=CARTESIAN_POINT('',(-2.69999994635582,-2.69999994635582,13.7));
#3862=CARTESIAN_POINT('Origin',(-2.69999994635582,-55.0999987617135,13.7));
#3863=CARTESIAN_POINT('',(-2.69999994635582,-55.0999987617135,13.7));
#3864=CARTESIAN_POINT('',(-2.69999994635582,-2.69999994635582,13.7));
#3865=CARTESIAN_POINT('',(-2.69999994635582,-55.0999987617135,15.3));
#3866=CARTESIAN_POINT('',(-2.69999994635582,-2.69999994635582,15.3));
#3867=CARTESIAN_POINT('',(-2.69999994635582,-55.0999987617135,13.7));
#3868=CARTESIAN_POINT('Origin',(-56.0999987393618,-55.0999987617135,13.7));
#3869=CARTESIAN_POINT('',(-56.0999987393618,-55.0999987617135,13.7));
#3870=CARTESIAN_POINT('',(-2.69999994635582,-55.0999987617135,13.7));
#3871=CARTESIAN_POINT('',(-56.0999987393618,-55.0999987617135,15.3));
#3872=CARTESIAN_POINT('',(-2.69999994635582,-55.0999987617135,15.3));
#3873=CARTESIAN_POINT('',(-56.0999987393618,-55.0999987617135,13.7));
#3874=CARTESIAN_POINT('Origin',(-56.0999987393618,-2.69999994635582,13.7));
#3875=CARTESIAN_POINT('',(-56.0999987393618,-10.4999997653067,13.7));
#3876=CARTESIAN_POINT('',(-56.0999987393618,-10.4999997653067,15.3));
#3877=CARTESIAN_POINT('Origin',(-29.3999993428588,-28.8999993540347,13.7));
#3878=CARTESIAN_POINT('Origin',(-29.3999993428588,-28.8999993540347,15.3));
#3879=CARTESIAN_POINT('Origin',(-8.59999980777502,-10.4999997653067,27.4));
#3880=CARTESIAN_POINT('',(-8.59999980777502,-22.4999997653067,27.4));
#3881=CARTESIAN_POINT('',(-8.59999980777502,-10.4999997653067,27.4));
#3882=CARTESIAN_POINT('',(-8.59999980777502,-22.4999997653067,27.4));
#3883=CARTESIAN_POINT('',(-8.59999980777502,-22.4999997653067,29.));
#3884=CARTESIAN_POINT('',(-8.59999980777502,-22.4999997653067,27.4));
#3885=CARTESIAN_POINT('',(-8.59999980777502,-10.4999997653067,29.));
#3886=CARTESIAN_POINT('',(-8.59999980777502,-22.4999997653067,29.));
#3887=CARTESIAN_POINT('',(-8.59999980777502,-10.4999997653067,27.4));
#3888=CARTESIAN_POINT('Origin',(-13.099999807775,-10.4999997653067,27.4));
#3889=CARTESIAN_POINT('',(-13.099999807775,-10.4999997653067,27.4));
#3890=CARTESIAN_POINT('',(-8.59999980777502,-10.4999997653067,27.4));
#3891=CARTESIAN_POINT('',(-13.099999807775,-10.4999997653067,29.));
#3892=CARTESIAN_POINT('',(-8.59999980777502,-10.4999997653067,29.));
#3893=CARTESIAN_POINT('',(-13.099999807775,-10.4999997653067,27.4));
#3894=CARTESIAN_POINT('Origin',(-13.099999807775,-22.4999997653067,27.4));
#3895=CARTESIAN_POINT('',(-13.099999807775,-22.4999997653067,27.4));
#3896=CARTESIAN_POINT('',(-13.099999807775,-10.4999997653067,27.4));
#3897=CARTESIAN_POINT('',(-13.099999807775,-22.4999997653067,29.));
#3898=CARTESIAN_POINT('',(-13.099999807775,-10.4999997653067,29.));
#3899=CARTESIAN_POINT('',(-13.099999807775,-22.4999997653067,27.4));
#3900=CARTESIAN_POINT('Origin',(-8.59999980777502,-22.4999997653067,27.4));
#3901=CARTESIAN_POINT('',(-13.099999807775,-22.4999997653067,27.4));
#3902=CARTESIAN_POINT('',(-13.099999807775,-22.4999997653067,29.));
#3903=CARTESIAN_POINT('Origin',(-2.69999994635582,-2.69999994635582,27.4));
#3904=CARTESIAN_POINT('',(-56.0999987393618,-2.69999994635582,27.4));
#3905=CARTESIAN_POINT('',(-2.69999994635582,-2.69999994635582,27.4));
#3906=CARTESIAN_POINT('',(-56.0999987393618,-2.69999994635582,27.4));
#3907=CARTESIAN_POINT('',(-56.0999987393618,-2.69999994635582,29.));
#3908=CARTESIAN_POINT('',(-56.0999987393618,-2.69999994635582,27.4));
#3909=CARTESIAN_POINT('',(-2.69999994635582,-2.69999994635582,29.));
#3910=CARTESIAN_POINT('',(-56.0999987393618,-2.69999994635582,29.));
#3911=CARTESIAN_POINT('',(-2.69999994635582,-2.69999994635582,27.4));
#3912=CARTESIAN_POINT('Origin',(-2.69999994635582,-55.0999987617135,27.4));
#3913=CARTESIAN_POINT('',(-2.69999994635582,-55.0999987617135,27.4));
#3914=CARTESIAN_POINT('',(-2.69999994635582,-2.69999994635582,27.4));
#3915=CARTESIAN_POINT('',(-2.69999994635582,-55.0999987617135,29.));
#3916=CARTESIAN_POINT('',(-2.69999994635582,-2.69999994635582,29.));
#3917=CARTESIAN_POINT('',(-2.69999994635582,-55.0999987617135,27.4));
#3918=CARTESIAN_POINT('Origin',(-56.0999987393618,-55.0999987617135,27.4));
#3919=CARTESIAN_POINT('',(-56.0999987393618,-55.0999987617135,27.4));
#3920=CARTESIAN_POINT('',(-2.69999994635582,-55.0999987617135,27.4));
#3921=CARTESIAN_POINT('',(-56.0999987393618,-55.0999987617135,29.));
#3922=CARTESIAN_POINT('',(-2.69999994635582,-55.0999987617135,29.));
#3923=CARTESIAN_POINT('',(-56.0999987393618,-55.0999987617135,27.4));
#3924=CARTESIAN_POINT('Origin',(-56.0999987393618,-2.69999994635582,27.4));
#3925=CARTESIAN_POINT('',(-56.0999987393618,-10.4999997653067,27.4));
#3926=CARTESIAN_POINT('',(-56.0999987393618,-10.4999997653067,29.));
#3927=CARTESIAN_POINT('Origin',(-29.3999993428588,-28.8999993540347,27.4));
#3928=CARTESIAN_POINT('Origin',(-29.3999993428588,-28.8999993540347,29.));
#3929=CARTESIAN_POINT('',(0.,0.,0.));
#3930=CARTESIAN_POINT('',(0.,0.,0.));
#3931=CARTESIAN_POINT('',(0.,0.,0.));
#3932=UNCERTAINTY_MEASURE_WITH_UNIT(LENGTH_MEASURE(0.01),#3942,
'DISTANCE_ACCURACY_VALUE',
'Maximum model space distance between geometric entities at asserted c
onnectivities');
#3933=UNCERTAINTY_MEASURE_WITH_UNIT(LENGTH_MEASURE(0.01),#3942,
'DISTANCE_ACCURACY_VALUE',
'Maximum model space distance between geometric entities at asserted c
onnectivities');
#3934=UNCERTAINTY_MEASURE_WITH_UNIT(LENGTH_MEASURE(0.01),#3942,
'DISTANCE_ACCURACY_VALUE',
'Maximum model space distance between geometric entities at asserted c
onnectivities');
#3935=UNCERTAINTY_MEASURE_WITH_UNIT(LENGTH_MEASURE(0.01),#3942,
'DISTANCE_ACCURACY_VALUE',
'Maximum model space distance between geometric entities at asserted c
onnectivities');
#3936=UNCERTAINTY_MEASURE_WITH_UNIT(LENGTH_MEASURE(0.01),#3942,
'DISTANCE_ACCURACY_VALUE',
'Maximum model space distance between geometric entities at asserted c
onnectivities');
#3937=(
GEOMETRIC_REPRESENTATION_CONTEXT(3)
GLOBAL_UNCERTAINTY_ASSIGNED_CONTEXT((#3932))
GLOBAL_UNIT_ASSIGNED_CONTEXT((#3942,#3944,#3945))
REPRESENTATION_CONTEXT('','3D')
);
#3938=(
GEOMETRIC_REPRESENTATION_CONTEXT(3)
GLOBAL_UNCERTAINTY_ASSIGNED_CONTEXT((#3933))
GLOBAL_UNIT_ASSIGNED_CONTEXT((#3942,#3944,#3945))
REPRESENTATION_CONTEXT('','3D')
);
#3939=(
GEOMETRIC_REPRESENTATION_CONTEXT(3)
GLOBAL_UNCERTAINTY_ASSIGNED_CONTEXT((#3934))
GLOBAL_UNIT_ASSIGNED_CONTEXT((#3942,#3944,#3945))
REPRESENTATION_CONTEXT('','3D')
);
#3940=(
GEOMETRIC_REPRESENTATION_CONTEXT(3)
GLOBAL_UNCERTAINTY_ASSIGNED_CONTEXT((#3935))
GLOBAL_UNIT_ASSIGNED_CONTEXT((#3942,#3944,#3945))
REPRESENTATION_CONTEXT('','3D')
);
#3941=(
GEOMETRIC_REPRESENTATION_CONTEXT(3)
GLOBAL_UNCERTAINTY_ASSIGNED_CONTEXT((#3936))
GLOBAL_UNIT_ASSIGNED_CONTEXT((#3942,#3944,#3945))
REPRESENTATION_CONTEXT('','3D')
);
#3942=(
LENGTH_UNIT()
NAMED_UNIT(*)
SI_UNIT(.MILLI.,.METRE.)
);
#3943=(
LENGTH_UNIT()
NAMED_UNIT(*)
SI_UNIT($,.METRE.)
);
#3944=(
NAMED_UNIT(*)
PLANE_ANGLE_UNIT()
SI_UNIT($,.RADIAN.)
);
#3945=(
NAMED_UNIT(*)
SI_UNIT($,.STERADIAN.)
SOLID_ANGLE_UNIT()
);
#3946=SHAPE_DEFINITION_REPRESENTATION(#3950,#3957);
#3947=SHAPE_DEFINITION_REPRESENTATION(#3951,#3958);
#3948=SHAPE_DEFINITION_REPRESENTATION(#3952,#3959);
#3949=SHAPE_DEFINITION_REPRESENTATION(#3953,#3960);
#3950=PRODUCT_DEFINITION_SHAPE('',$,#3962);
#3951=PRODUCT_DEFINITION_SHAPE('',$,#3963);
#3952=PRODUCT_DEFINITION_SHAPE('',$,#3964);
#3953=PRODUCT_DEFINITION_SHAPE('',$,#3965);
#3954=PRODUCT_DEFINITION_SHAPE($,$,#20);
#3955=PRODUCT_DEFINITION_SHAPE($,$,#21);
#3956=PRODUCT_DEFINITION_SHAPE($,$,#22);
#3957=SHAPE_REPRESENTATION('',(#2494,#2644,#2645,#2646),#3937);
#3958=SHAPE_REPRESENTATION('',(#2495),#3938);
#3959=SHAPE_REPRESENTATION('',(#2581),#3939);
#3960=SHAPE_REPRESENTATION('',(#2623),#3940);
#3961=PRODUCT_DEFINITION_CONTEXT('part definition',#3975,'design');
#3962=PRODUCT_DEFINITION('2026-10-04-11-01-38-182','SaludWatch',#3966,#3961);
#3963=PRODUCT_DEFINITION('2026-10-04-11-13-21-206','Base',#3967,#3961);
#3964=PRODUCT_DEFINITION('2026-10-04-11-13-29-976','Lid',#3968,#3961);
#3965=PRODUCT_DEFINITION('2026-10-04-11-13-39-671','Shelf',#3969,#3961);
#3966=PRODUCT_DEFINITION_FORMATION('',$,#3977);
#3967=PRODUCT_DEFINITION_FORMATION('',$,#3978);
#3968=PRODUCT_DEFINITION_FORMATION('',$,#3979);
#3969=PRODUCT_DEFINITION_FORMATION('',$,#3980);
#3970=PRODUCT_RELATED_PRODUCT_CATEGORY('SaludWatch','SaludWatch',(#3977));
#3971=PRODUCT_RELATED_PRODUCT_CATEGORY('Base','Base',(#3978));
#3972=PRODUCT_RELATED_PRODUCT_CATEGORY('Lid','Lid',(#3979));
#3973=PRODUCT_RELATED_PRODUCT_CATEGORY('Shelf','Shelf',(#3980));
#3974=APPLICATION_PROTOCOL_DEFINITION('international standard',
'automotive_design',2009,#3975);
#3975=APPLICATION_CONTEXT(
'Core Data for Automotive Mechanical Design Process');
#3976=PRODUCT_CONTEXT('part definition',#3975,'mechanical');
#3977=PRODUCT('2026-10-04-11-01-38-182','SaludWatch',$,(#3976));
#3978=PRODUCT('2026-10-04-11-13-21-206','Base',$,(#3976));
#3979=PRODUCT('2026-10-04-11-13-29-976','Lid',$,(#3976));
#3980=PRODUCT('2026-10-04-11-13-39-671','Shelf',$,(#3976));
#3981=PRESENTATION_STYLE_ASSIGNMENT((#3986));
#3982=PRESENTATION_STYLE_ASSIGNMENT((#3987));
#3983=PRESENTATION_STYLE_ASSIGNMENT((#3988));
#3984=PRESENTATION_STYLE_ASSIGNMENT((#3989));
#3985=PRESENTATION_STYLE_ASSIGNMENT((#3990));
#3986=SURFACE_STYLE_USAGE(.BOTH.,#3991);
#3987=SURFACE_STYLE_USAGE(.BOTH.,#3992);
#3988=SURFACE_STYLE_USAGE(.BOTH.,#3993);
#3989=SURFACE_STYLE_USAGE(.BOTH.,#3994);
#3990=SURFACE_STYLE_USAGE(.BOTH.,#3995);
#3991=SURFACE_SIDE_STYLE('',(#3996));
#3992=SURFACE_SIDE_STYLE('',(#3997));
#3993=SURFACE_SIDE_STYLE('',(#3998));
#3994=SURFACE_SIDE_STYLE('',(#3999));
#3995=SURFACE_SIDE_STYLE('',(#4000));
#3996=SURFACE_STYLE_FILL_AREA(#4001);
#3997=SURFACE_STYLE_FILL_AREA(#4002);
#3998=SURFACE_STYLE_FILL_AREA(#4003);
#3999=SURFACE_STYLE_FILL_AREA(#4004);
#4000=SURFACE_STYLE_FILL_AREA(#4005);
#4001=FILL_AREA_STYLE('Steel - Satin',(#4006));
#4002=FILL_AREA_STYLE('Polymide (Kapton)',(#4007));
#4003=FILL_AREA_STYLE('Tough 2000 (with Formlabs SLA 3D Printers)',(#4008));
#4004=FILL_AREA_STYLE('Paek (Beige)',(#4009));
#4005=FILL_AREA_STYLE('Aluminum nitride (AlN)',(#4010));
#4006=FILL_AREA_STYLE_COLOUR('Steel - Satin',#4011);
#4007=FILL_AREA_STYLE_COLOUR('Polymide (Kapton)',#4012);
#4008=FILL_AREA_STYLE_COLOUR(
'Tough 2000 (with Formlabs SLA 3D Printers)',#4013);
#4009=FILL_AREA_STYLE_COLOUR('Paek (Beige)',#4014);
#4010=FILL_AREA_STYLE_COLOUR('Aluminum nitride (AlN)',#4015);
#4011=COLOUR_RGB('Steel - Satin',0.627450980392157,0.627450980392157,0.627450980392157);
#4012=COLOUR_RGB('Polymide (Kapton)',0.784313725490196,0.556862745098039,
0.0274509803921569);
#4013=COLOUR_RGB('Tough 2000 (with Formlabs SLA 3D Printers)',0.247058823529412,
0.247058823529412,0.247058823529412);
#4014=COLOUR_RGB('Paek (Beige)',0.898039215686275,0.792156862745098,0.619607843137255);
#4015=COLOUR_RGB('Aluminum nitride (AlN)',0.850980392156863,0.827450980392157,
0.788235294117647);
ENDSEC;
END-ISO-10303-21;
